Radius[m],Density[kg/m^3],,,,,,,
0,13088.5,11262.2,3667.8,100000,104,11262.2,3667.8,1
12858,13088.46,11262.17,3667.78,100000,104,11262.17,3667.78,1
25716,13088.36,11262.1,3667.73,100000,104,11262.1,3667.73,1
38574,13088.18,11261.97,3667.64,100000,104,11261.97,3667.64,1
51432,13087.92,11261.79,3667.51,100000,104,11261.79,3667.51,1
64289,13087.6,11261.55,3667.35,100000,104,11261.55,3667.35,1
77147,13087.2,11261.27,3667.15,100000,104,11261.27,3667.15,1
90005,13086.74,11260.93,3666.91,100000,104,11260.93,3666.91,1
102863,13086.2,11260.54,3666.64,100000,104,11260.54,3666.64,1
115721,13085.58,11260.1,3666.33,100000,104,11260.1,3666.33,1
128579,13084.9,11259.61,3665.99,100000,104,11259.61,3665.99,1
141437,13084.14,11259.06,3665.61,100000,104,11259.06,3665.61,1
154295,13083.32,11258.47,3665.19,100000,104,11258.47,3665.19,1
167153,13082.42,11257.82,3664.74,100000,104,11257.82,3664.74,1
180011,13081.44,11257.12,3664.25,100000,104,11257.12,3664.25,1
192868,13080.4,11256.37,3663.72,100000,104,11256.37,3663.72,1
205726,13079.28,11255.56,3663.16,100000,104,11255.56,3663.16,1
218584,13078.1,11254.71,3662.56,100000,104,11254.71,3662.56,1
231442,13076.84,11253.8,3661.93,100000,104,11253.8,3661.93,1
244300,13075.5,11252.84,3661.26,100000,104,11252.84,3661.26,1
257158,13074.1,11251.83,3660.55,100000,104,11251.83,3660.55,1
270016,13072.62,11250.77,3659.81,100000,104,11250.77,3659.81,1
282874,13071.08,11249.65,3659.03,100000,104,11249.65,3659.03,1
295732,13069.46,11248.49,3658.22,100000,104,11248.49,3658.22,1
308589,13067.76,11247.27,3657.37,100000,104,11247.27,3657.37,1
321447,13066,11246,3656.48,100000,104,11246,3656.48,1
334305,13064.17,11244.68,3655.55,100000,104,11244.68,3655.55,1
347163,13062.26,11243.3,3654.59,100000,104,11243.3,3654.59,1
360021,13060.28,11241.88,3653.6,100000,104,11241.88,3653.6,1
372879,13058.23,11240.4,3652.57,100000,104,11240.4,3652.57,1
385737,13056.1,11238.87,3651.5,100000,104,11238.87,3651.5,1
398595,13053.91,11237.29,3650.39,100000,104,11237.29,3650.39,1
411453,13051.64,11235.66,3649.25,100000,104,11235.66,3649.25,1
424311,13049.3,11233.97,3648.07,100000,104,11233.97,3648.07,1
437168,13046.89,11232.24,3646.86,100000,104,11232.24,3646.86,1
450026,13044.4,11230.45,3645.61,100000,104,11230.45,3645.61,1
462884,13041.85,11228.61,3644.32,100000,104,11228.61,3644.32,1
475742,13039.22,11226.71,3643,100000,104,11226.71,3643,1
488600,13036.52,11224.77,3641.64,100000,104,11224.77,3641.64,1
501458,13033.75,11222.77,3640.25,100000,104,11222.77,3640.25,1
514316,13030.9,11220.73,3638.82,100000,104,11220.73,3638.82,1
527174,13027.99,11218.63,3637.35,100000,104,11218.63,3637.35,1
540032,13025,11216.48,3635.84,100000,104,11216.48,3635.84,1
552889,13021.94,11214.27,3634.31,100000,104,11214.27,3634.31,1
565747,13018.81,11212.02,3632.73,100000,104,11212.02,3632.73,1
578605,13015.6,11209.71,3631.12,100000,104,11209.71,3631.12,1
591463,13012.33,11207.35,3629.47,100000,104,11207.35,3629.47,1
604321,13008.98,11204.94,3627.78,100000,104,11204.94,3627.78,1
617179,13005.56,11202.48,3626.06,100000,104,11202.48,3626.06,1
630037,13002.07,11199.96,3624.31,100000,104,11199.96,3624.31,1
642895,12998.5,11197.4,3622.51,100000,104,11197.4,3622.51,1
655753,12994.87,11194.78,3620.68,100000,104,11194.78,3620.68,1
668611,12991.16,11192.11,3618.82,100000,104,11192.11,3618.82,1
681468,12987.38,11189.39,3616.91,100000,104,11189.39,3616.91,1
694326,12983.53,11186.61,3614.98,100000,104,11186.61,3614.98,1
707184,12979.6,11183.79,3613,100000,104,11183.79,3613,1
720042,12975.61,11180.91,3610.99,100000,104,11180.91,3610.99,1
732900,12971.54,11177.98,3608.94,100000,104,11177.98,3608.94,1
745758,12967.4,11175,3606.86,100000,104,11175,3606.86,1
758616,12963.19,11171.97,3604.74,100000,104,11171.97,3604.74,1
771474,12958.91,11168.88,3602.59,100000,104,11168.88,3602.59,1
784332,12954.55,11165.75,3600.39,100000,104,11165.75,3600.39,1
797189,12950.12,11162.56,3598.17,100000,104,11162.56,3598.17,1
810047,12945.62,11159.32,3595.9,100000,104,11159.32,3595.9,1
822905,12941.05,11156.03,3593.6,100000,104,11156.03,3593.6,1
835763,12936.41,11152.68,3591.26,100000,104,11152.68,3591.26,1
848621,12931.69,11149.29,3588.89,100000,104,11149.29,3588.89,1
861479,12926.9,11145.84,3586.48,100000,104,11145.84,3586.48,1
874337,12922.04,11142.34,3584.04,100000,104,11142.34,3584.04,1
887195,12917.11,11138.79,3581.55,100000,104,11138.79,3581.55,1
900053,12912.11,11135.19,3579.04,100000,104,11135.19,3579.04,1
912911,12907.03,11131.53,3576.48,100000,104,11131.53,3576.48,1
925768,12901.88,11127.82,3573.89,100000,104,11127.82,3573.89,1
938626,12896.66,11124.07,3571.26,100000,104,11124.07,3571.26,1
951484,12891.37,11120.26,3568.6,100000,104,11120.26,3568.6,1
964342,12886.01,11116.39,3565.9,100000,104,11116.39,3565.9,1
977200,12880.57,11112.48,3563.17,100000,104,11112.48,3563.17,1
990058,12875.07,11108.51,3560.4,100000,104,11108.51,3560.4,1
1002916,12869.49,11104.5,3557.59,100000,104,11104.5,3557.59,1
1015774,12863.83,11100.43,3554.74,100000,104,11100.43,3554.74,1
1028632,12858.11,11096.3,3551.86,100000,104,11096.3,3551.86,1
1041489,12852.31,11092.13,3548.95,100000,104,11092.13,3548.95,1
1054347,12846.45,11087.91,3545.99,100000,104,11087.91,3545.99,1
1067205,12840.51,11083.63,3543.01,100000,104,11083.63,3543.01,1
1080063,12834.5,11079.3,3539.98,100000,104,11079.3,3539.98,1
1092921,12828.41,11074.92,3536.92,100000,104,11074.92,3536.92,1
1105779,12822.26,11070.49,3533.82,100000,104,11070.49,3533.82,1
1118637,12816.03,11066,3530.69,100000,104,11066,3530.69,1
1131495,12809.73,11061.47,3527.52,100000,104,11061.47,3527.52,1
1144353,12803.36,11056.88,3524.31,100000,104,11056.88,3524.31,1
1157211,12796.91,11052.24,3521.07,100000,104,11052.24,3521.07,1
1170068,12790.4,11047.55,3517.79,100000,104,11047.55,3517.79,1
1182926,12783.81,11042.8,3514.47,100000,104,11042.8,3514.47,1
1195784,12777.15,11038.01,3511.12,100000,104,11038.01,3511.12,1
1208642,12770.42,11033.16,3507.74,100000,104,11033.16,3507.74,1
1221500,12763.61,11028.26,3504.31,100000,104,11028.26,3504.31,1
1234332,12159.72,10348.27,0,100000,0,10348.27,0,1
1247165,12153.05,10340.8,0,100000,0,10340.8,0,1
1259997,12146.32,10333.3,0,100000,0,10333.3,0,1
1272830,12139.54,10325.77,0,100000,0,10325.77,0,1
1285662,12132.7,10318.22,0,100000,0,10318.22,0,1
1298494,12125.8,10310.64,0,100000,0,10310.64,0,1
1311327,12118.85,10303.03,0,100000,0,10303.03,0,1
1324159,12111.84,10295.39,0,100000,0,10295.39,0,1
1336991,12104.78,10287.73,0,100000,0,10287.73,0,1
1349824,12097.65,10280.03,0,100000,0,10280.03,0,1
1362656,12090.47,10272.3,0,100000,0,10272.3,0,1
1375489,12083.23,10264.54,0,100000,0,10264.54,0,1
1388321,12075.93,10256.75,0,100000,0,10256.75,0,1
1401153,12068.57,10248.93,0,100000,0,10248.93,0,1
1413986,12061.15,10241.07,0,100000,0,10241.07,0,1
1426818,12053.67,10233.17,0,100000,0,10233.17,0,1
1439651,12046.14,10225.24,0,100000,0,10225.24,0,1
1452483,12038.54,10217.28,0,100000,0,10217.28,0,1
1465315,12030.88,10209.28,0,100000,0,10209.28,0,1
1478148,12023.16,10201.24,0,100000,0,10201.24,0,1
1490980,12015.38,10193.17,0,100000,0,10193.17,0,1
1503812,12007.54,10185.05,0,100000,0,10185.05,0,1
1516645,11999.64,10176.9,0,100000,0,10176.9,0,1
1529477,11991.68,10168.71,0,100000,0,10168.71,0,1
1542310,11983.66,10160.48,0,100000,0,10160.48,0,1
1555142,11975.57,10152.2,0,100000,0,10152.2,0,1
1567974,11967.42,10143.89,0,100000,0,10143.89,0,1
1580807,11959.21,10135.53,0,100000,0,10135.53,0,1
1593639,11950.94,10127.13,0,100000,0,10127.13,0,1
1606472,11942.6,10118.68,0,100000,0,10118.68,0,1
1619304,11934.2,10110.2,0,100000,0,10110.2,0,1
1632136,11925.73,10101.66,0,100000,0,10101.66,0,1
1644969,11917.2,10093.08,0,100000,0,10093.08,0,1
1657801,11908.61,10084.46,0,100000,0,10084.46,0,1
1670634,11899.95,10075.78,0,100000,0,10075.78,0,1
1683466,11891.23,10067.06,0,100000,0,10067.06,0,1
1696298,11882.44,10058.3,0,100000,0,10058.3,0,1
1709131,11873.59,10049.48,0,100000,0,10049.48,0,1
1721963,11864.67,10040.61,0,100000,0,10040.61,0,1
1734795,11855.68,10031.69,0,100000,0,10031.69,0,1
1747628,11846.63,10022.72,0,100000,0,10022.72,0,1
1760460,11837.52,10013.7,0,100000,0,10013.7,0,1
1773293,11828.33,10004.63,0,100000,0,10004.63,0,1
1786125,11819.08,9995.51,0,100000,0,9995.51,0,1
1798957,11809.76,9986.33,0,100000,0,9986.33,0,1
1811790,11800.38,9977.09,0,100000,0,9977.09,0,1
1824622,11790.92,9967.8,0,100000,0,9967.8,0,1
1837455,11781.4,9958.46,0,100000,0,9958.46,0,1
1850287,11771.81,9949.06,0,100000,0,9949.06,0,1
1863119,11762.15,9939.6,0,100000,0,9939.6,0,1
1875952,11752.42,9930.09,0,100000,0,9930.09,0,1
1888784,11742.63,9920.51,0,100000,0,9920.51,0,1
1901616,11732.76,9910.88,0,100000,0,9910.88,0,1
1914449,11722.82,9901.19,0,100000,0,9901.19,0,1
1927281,11712.82,9891.43,0,100000,0,9891.43,0,1
1940114,11702.74,9881.62,0,100000,0,9881.62,0,1
1952946,11692.59,9871.75,0,100000,0,9871.75,0,1
1965778,11682.38,9861.81,0,100000,0,9861.81,0,1
1978611,11672.09,9851.81,0,100000,0,9851.81,0,1
1991443,11661.73,9841.74,0,100000,0,9841.74,0,1
2004276,11651.29,9831.61,0,100000,0,9831.61,0,1
2017108,11640.79,9821.42,0,100000,0,9821.42,0,1
2029940,11630.21,9811.16,0,100000,0,9811.16,0,1
2042773,11619.57,9800.84,0,100000,0,9800.84,0,1
2055605,11608.85,9790.44,0,100000,0,9790.44,0,1
2068437,11598.05,9779.98,0,100000,0,9779.98,0,1
2081270,11587.18,9769.46,0,100000,0,9769.46,0,1
2094102,11576.24,9758.86,0,100000,0,9758.86,0,1
2106935,11565.23,9748.19,0,100000,0,9748.19,0,1
2119767,11554.14,9737.45,0,100000,0,9737.45,0,1
2132599,11542.98,9726.65,0,100000,0,9726.65,0,1
2145432,11531.74,9715.77,0,100000,0,9715.77,0,1
2158264,11520.43,9704.81,0,100000,0,9704.81,0,1
2171097,11509.04,9693.79,0,100000,0,9693.79,0,1
2183929,11497.58,9682.69,0,100000,0,9682.69,0,1
2196761,11486.04,9671.52,0,100000,0,9671.52,0,1
2209594,11474.42,9660.27,0,100000,0,9660.27,0,1
2222426,11462.73,9648.95,0,100000,0,9648.95,0,1
2235259,11450.97,9637.55,0,100000,0,9637.55,0,1
2248091,11439.12,9626.07,0,100000,0,9626.07,0,1
2260923,11427.2,9614.52,0,100000,0,9614.52,0,1
2273756,11415.2,9602.88,0,100000,0,9602.88,0,1
2286588,11403.13,9591.17,0,100000,0,9591.17,0,1
2299420,11390.97,9579.38,0,100000,0,9579.38,0,1
2312253,11378.74,9567.51,0,100000,0,9567.51,0,1
2325085,11366.43,9555.56,0,100000,0,9555.56,0,1
2337918,11354.04,9543.52,0,100000,0,9543.52,0,1
2350750,11341.57,9531.41,0,100000,0,9531.41,0,1
2363582,11329.03,9519.21,0,100000,0,9519.21,0,1
2376415,11316.4,9506.92,0,100000,0,9506.92,0,1
2389247,11303.69,9494.56,0,100000,0,9494.56,0,1
2402080,11290.91,9482.1,0,100000,0,9482.1,0,1
2414912,11278.04,9469.57,0,100000,0,9469.57,0,1
2427744,11265.09,9456.94,0,100000,0,9456.94,0,1
2440577,11252.06,9444.23,0,100000,0,9444.23,0,1
2453409,11238.95,9431.43,0,100000,0,9431.43,0,1
2466241,11225.76,9418.55,0,100000,0,9418.55,0,1
2479074,11212.49,9405.57,0,100000,0,9405.57,0,1
2491906,11199.14,9392.5,0,100000,0,9392.5,0,1
2504739,11185.7,9379.35,0,100000,0,9379.35,0,1
2517571,11172.18,9366.1,0,100000,0,9366.1,0,1
2530403,11158.58,9352.76,0,100000,0,9352.76,0,1
2543236,11144.9,9339.33,0,100000,0,9339.33,0,1
2556068,11131.13,9325.81,0,100000,0,9325.81,0,1
2568901,11117.28,9312.19,0,100000,0,9312.19,0,1
2581733,11103.34,9298.48,0,100000,0,9298.48,0,1
2594565,11089.32,9284.68,0,100000,0,9284.68,0,1
2607398,11075.22,9270.78,0,100000,0,9270.78,0,1
2620230,11061.03,9256.78,0,100000,0,9256.78,0,1
2633063,11046.76,9242.68,0,100000,0,9242.68,0,1
2645895,11032.4,9228.49,0,100000,0,9228.49,0,1
2658727,11017.96,9214.2,0,100000,0,9214.2,0,1
2671560,11003.43,9199.81,0,100000,0,9199.81,0,1
2684392,10988.81,9185.32,0,100000,0,9185.32,0,1
2697224,10974.11,9170.73,0,100000,0,9170.73,0,1
2710057,10959.32,9156.04,0,100000,0,9156.04,0,1
2722889,10944.45,9141.25,0,100000,0,9141.25,0,1
2735722,10929.48,9126.35,0,100000,0,9126.35,0,1
2748554,10914.43,9111.36,0,100000,0,9111.36,0,1
2761386,10899.3,9096.26,0,100000,0,9096.26,0,1
2774219,10884.07,9081.05,0,100000,0,9081.05,0,1
2787051,10868.76,9065.74,0,100000,0,9065.74,0,1
2799884,10853.36,9050.33,0,100000,0,9050.33,0,1
2812716,10837.87,9034.81,0,100000,0,9034.81,0,1
2825548,10822.29,9019.18,0,100000,0,9019.18,0,1
2838381,10806.62,9003.44,0,100000,0,9003.44,0,1
2851213,10790.86,8987.6,0,100000,0,8987.6,0,1
2864045,10775.01,8971.64,0,100000,0,8971.64,0,1
2876878,10759.08,8955.58,0,100000,0,8955.58,0,1
2889710,10743.05,8939.41,0,100000,0,8939.41,0,1
2902543,10726.93,8923.12,0,100000,0,8923.12,0,1
2915375,10710.72,8906.73,0,100000,0,8906.73,0,1
2928207,10694.42,8890.22,0,100000,0,8890.22,0,1
2941040,10678.03,8873.6,0,100000,0,8873.6,0,1
2953872,10661.54,8856.87,0,100000,0,8856.87,0,1
2966705,10644.97,8840.02,0,100000,0,8840.02,0,1
2979537,10628.3,8823.06,0,100000,0,8823.06,0,1
2992369,10611.54,8805.98,0,100000,0,8805.98,0,1
3005202,10594.69,8788.78,0,100000,0,8788.78,0,1
3018034,10577.74,8771.47,0,100000,0,8771.47,0,1
3030866,10560.7,8754.04,0,100000,0,8754.04,0,1
3043699,10543.57,8736.49,0,100000,0,8736.49,0,1
3056531,10526.34,8718.83,0,100000,0,8718.83,0,1
3069364,10509.02,8701.04,0,100000,0,8701.04,0,1
3082196,10491.61,8683.13,0,100000,0,8683.13,0,1
3095028,10474.1,8665.11,0,100000,0,8665.11,0,1
3107861,10456.49,8646.96,0,100000,0,8646.96,0,1
3120693,10438.79,8628.69,0,100000,0,8628.69,0,1
3133526,10421,8610.29,0,100000,0,8610.29,0,1
3146358,10403.1,8591.78,0,100000,0,8591.78,0,1
3159190,10385.12,8573.14,0,100000,0,8573.14,0,1
3172023,10367.03,8554.37,0,100000,0,8554.37,0,1
3184855,10348.85,8535.48,0,100000,0,8535.48,0,1
3197688,10330.58,8516.46,0,100000,0,8516.46,0,1
3210520,10312.2,8497.31,0,100000,0,8497.31,0,1
3223352,10293.73,8478.04,0,100000,0,8478.04,0,1
3236185,10275.16,8458.64,0,100000,0,8458.64,0,1
3249017,10256.5,8439.11,0,100000,0,8439.11,0,1
3261849,10237.73,8419.45,0,100000,0,8419.45,0,1
3274682,10218.87,8399.66,0,100000,0,8399.66,0,1
3287514,10199.9,8379.74,0,100000,0,8379.74,0,1
3300347,10180.84,8359.69,0,100000,0,8359.69,0,1
3313179,10161.68,8339.51,0,100000,0,8339.51,0,1
3326011,10142.42,8319.19,0,100000,0,8319.19,0,1
3338844,10123.06,8298.74,0,100000,0,8298.74,0,1
3351676,10103.6,8278.16,0,100000,0,8278.16,0,1
3364509,10084.04,8257.44,0,100000,0,8257.44,0,1
3377341,10064.38,8236.58,0,100000,0,8236.58,0,1
3390173,10044.62,8215.59,0,100000,0,8215.59,0,1
3403006,10024.76,8194.47,0,100000,0,8194.47,0,1
3415838,10004.79,8173.2,0,100000,0,8173.2,0,1
3428670,9984.73,8151.8,0,100000,0,8151.8,0,1
3441503,9964.56,8130.25,0,100000,0,8130.25,0,1
3454335,9944.29,8108.57,0,100000,0,8108.57,0,1
3467168,9923.91,8086.75,0,100000,0,8086.75,0,1
3480000,9903.44,8064.79,0,100000,0,8064.79,0,1
3493636,5559.62,13713.27,7264.79,100000,355,13713.27,7264.79,1
3507273,5552.79,13709.94,7264.93,100000,355,13709.94,7264.93,1
3520909,5545.96,13706.62,7265.06,100000,355,13706.62,7265.06,1
3534545,5539.14,13703.3,7265.19,100000,355,13703.3,7265.19,1
3548182,5532.32,13700,7265.31,100000,355,13700,7265.31,1
3561818,5525.51,13696.72,7265.43,100000,355,13696.72,7265.43,1
3575455,5518.7,13693.44,7265.55,100000,355,13693.44,7265.55,1
3589091,5511.89,13690.17,7265.66,100000,355,13690.17,7265.66,1
3602727,5505.08,13686.92,7265.77,100000,355,13686.92,7265.77,1
3616364,5498.28,13683.67,7265.87,100000,355,13683.67,7265.87,1
3630000,5491.48,13680.44,7265.97,100000,355,13680.44,7265.97,1
3642792,5485.1,13664.89,7260.06,100000,355,13664.89,7260.06,1
3655584,5478.72,13649.41,7254.21,100000,355,13649.41,7254.21,1
3668377,5472.35,13633.97,7248.37,100000,355,13633.97,7248.37,1
3681169,5465.98,13618.57,7242.54,100000,355,13618.57,7242.54,1
3693961,5459.61,13603.22,7236.72,100000,355,13603.22,7236.72,1
3706753,5453.24,13587.91,7230.92,100000,355,13587.91,7230.92,1
3719545,5446.87,13572.64,7225.12,100000,355,13572.64,7225.12,1
3732338,5440.5,13557.41,7219.33,100000,355,13557.41,7219.33,1
3745130,5434.14,13542.21,7213.55,100000,355,13542.21,7213.55,1
3757922,5427.77,13527.05,7207.79,100000,355,13527.05,7207.79,1
3770714,5421.41,13511.93,7202.02,100000,355,13511.93,7202.02,1
3783506,5415.04,13496.84,7196.27,100000,355,13496.84,7196.27,1
3796299,5408.68,13481.78,7190.53,100000,355,13481.78,7190.53,1
3809091,5402.32,13466.76,7184.79,100000,355,13466.76,7184.79,1
3821883,5395.95,13451.76,7179.06,100000,355,13451.76,7179.06,1
3834675,5389.59,13436.79,7173.33,100000,355,13436.79,7173.33,1
3847468,5383.23,13421.85,7167.61,100000,355,13421.85,7167.61,1
3860260,5376.86,13406.94,7161.9,100000,355,13406.94,7161.9,1
3873052,5370.5,13392.05,7156.19,100000,355,13392.05,7156.19,1
3885844,5364.13,13377.18,7150.48,100000,355,13377.18,7150.48,1
3898636,5357.76,13362.34,7144.78,100000,355,13362.34,7144.78,1
3911429,5351.4,13347.51,7139.08,100000,355,13347.51,7139.08,1
3924221,5345.03,13332.71,7133.39,100000,355,13332.71,7133.39,1
3937013,5338.66,13317.92,7127.7,100000,355,13317.92,7127.7,1
3949805,5332.29,13303.15,7122.01,100000,355,13303.15,7122.01,1
3962597,5325.91,13288.4,7116.32,100000,355,13288.4,7116.32,1
3975390,5319.54,13273.66,7110.63,100000,355,13273.66,7110.63,1
3988182,5313.16,13258.93,7104.94,100000,355,13258.93,7104.94,1
4000974,5306.78,13244.22,7099.26,100000,355,13244.22,7099.26,1
4013766,5300.4,13229.51,7093.57,100000,355,13229.51,7093.57,1
4026558,5294.02,13214.82,7087.88,100000,355,13214.82,7087.88,1
4039351,5287.63,13200.13,7082.19,100000,355,13200.13,7082.19,1
4052143,5281.24,13185.45,7076.5,100000,355,13185.45,7076.5,1
4064935,5274.85,13170.77,7070.81,100000,355,13170.77,7070.81,1
4077727,5268.46,13156.1,7065.12,100000,355,13156.1,7065.12,1
4090519,5262.06,13141.43,7059.42,100000,355,13141.43,7059.42,1
4103312,5255.66,13126.77,7053.72,100000,355,13126.77,7053.72,1
4116104,5249.25,13112.1,7048.02,100000,355,13112.1,7048.02,1
4128896,5242.85,13097.43,7042.31,100000,355,13097.43,7042.31,1
4141688,5236.43,13082.76,7036.59,100000,355,13082.76,7036.59,1
4154481,5230.02,13068.08,7030.88,100000,355,13068.08,7030.88,1
4167273,5223.6,13053.4,7025.15,100000,355,13053.4,7025.15,1
4180065,5217.18,13038.71,7019.42,100000,355,13038.71,7019.42,1
4192857,5210.75,13024.02,7013.69,100000,355,13024.02,7013.69,1
4205649,5204.32,13009.32,7007.94,100000,355,13009.32,7007.94,1
4218442,5197.88,12994.6,7002.19,100000,355,12994.6,7002.19,1
4231234,5191.44,12979.88,6996.43,100000,355,12979.88,6996.43,1
4244026,5184.99,12965.14,6990.67,100000,355,12965.14,6990.67,1
4256818,5178.54,12950.39,6984.89,100000,355,12950.39,6984.89,1
4269610,5172.08,12935.62,6979.11,100000,355,12935.62,6979.11,1
4282403,5165.62,12920.83,6973.31,100000,355,12920.83,6973.31,1
4295195,5159.15,12906.03,6967.51,100000,355,12906.03,6967.51,1
4307987,5152.68,12891.21,6961.69,100000,355,12891.21,6961.69,1
4320779,5146.2,12876.36,6955.87,100000,355,12876.36,6955.87,1
4333571,5139.71,12861.5,6950.03,100000,355,12861.5,6950.03,1
4346364,5133.22,12846.61,6944.18,100000,355,12846.61,6944.18,1
4359156,5126.72,12831.7,6938.32,100000,355,12831.7,6938.32,1
4371948,5120.22,12816.76,6932.44,100000,355,12816.76,6932.44,1
4384740,5113.71,12801.8,6926.55,100000,355,12801.8,6926.55,1
4397532,5107.19,12786.8,6920.65,100000,355,12786.8,6920.65,1
4410325,5100.67,12771.78,6914.74,100000,355,12771.78,6914.74,1
4423117,5094.14,12756.72,6908.81,100000,355,12756.72,6908.81,1
4435909,5087.6,12741.64,6902.86,100000,355,12741.64,6902.86,1
4448701,5081.05,12726.51,6896.9,100000,355,12726.51,6896.9,1
4461494,5074.5,12711.36,6890.92,100000,355,12711.36,6890.92,1
4474286,5067.94,12696.17,6884.93,100000,355,12696.17,6884.93,1
4487078,5061.37,12680.94,6878.92,100000,355,12680.94,6878.92,1
4499870,5054.79,12665.67,6872.89,100000,355,12665.67,6872.89,1
4512662,5048.21,12650.36,6866.85,100000,355,12650.36,6866.85,1
4525455,5041.61,12635.01,6860.79,100000,355,12635.01,6860.79,1
4538247,5035.01,12619.62,6854.7,100000,355,12619.62,6854.7,1
4551039,5028.4,12604.18,6848.6,100000,355,12604.18,6848.6,1
4563831,5021.79,12588.7,6842.48,100000,355,12588.7,6842.48,1
4576623,5015.16,12573.18,6836.34,100000,355,12573.18,6836.34,1
4589416,5008.52,12557.6,6830.18,100000,355,12557.6,6830.18,1
4602208,5001.88,12541.98,6824,100000,355,12541.98,6824,1
4615000,4995.22,12526.3,6817.8,100000,355,12526.3,6817.8,1
4627792,4988.56,12510.57,6811.57,100000,355,12510.57,6811.57,1
4640584,4981.89,12494.79,6805.32,100000,355,12494.79,6805.32,1
4653377,4975.2,12478.96,6799.05,100000,355,12478.96,6799.05,1
4666169,4968.51,12463.07,6792.76,100000,355,12463.07,6792.76,1
4678961,4961.81,12447.12,6786.44,100000,355,12447.12,6786.44,1
4691753,4955.09,12431.12,6780.1,100000,355,12431.12,6780.1,1
4704545,4948.37,12415.05,6773.74,100000,355,12415.05,6773.74,1
4717338,4941.64,12398.93,6767.35,100000,355,12398.93,6767.35,1
4730130,4934.89,12382.74,6760.93,100000,355,12382.74,6760.93,1
4742922,4928.14,12366.49,6754.49,100000,355,12366.49,6754.49,1
4755714,4921.37,12350.18,6748.02,100000,355,12350.18,6748.02,1
4768506,4914.59,12333.8,6741.53,100000,355,12333.8,6741.53,1
4781299,4907.8,12317.35,6735.01,100000,355,12317.35,6735.01,1
4794091,4901,12300.83,6728.46,100000,355,12300.83,6728.46,1
4806883,4894.19,12284.24,6721.88,100000,355,12284.24,6721.88,1
4819675,4887.37,12267.59,6715.27,100000,355,12267.59,6715.27,1
4832468,4880.54,12250.86,6708.64,100000,355,12250.86,6708.64,1
4845260,4873.69,12234.05,6701.97,100000,355,12234.05,6701.97,1
4858052,4866.83,12217.17,6695.28,100000,355,12217.17,6695.28,1
4870844,4859.96,12200.22,6688.55,100000,355,12200.22,6688.55,1
4883636,4853.08,12183.19,6681.8,100000,355,12183.19,6681.8,1
4896429,4846.18,12166.07,6675.01,100000,355,12166.07,6675.01,1
4909221,4839.27,12148.88,6668.19,100000,355,12148.88,6668.19,1
4922013,4832.35,12131.61,6661.34,100000,355,12131.61,6661.34,1
4934805,4825.42,12114.25,6654.46,100000,355,12114.25,6654.46,1
4947597,4818.47,12096.81,6647.54,100000,355,12096.81,6647.54,1
4960390,4811.51,12079.29,6640.59,100000,355,12079.29,6640.59,1
4973182,4804.53,12061.67,6633.61,100000,355,12061.67,6633.61,1
4985974,4797.55,12043.97,6626.59,100000,355,12043.97,6626.59,1
4998766,4790.54,12026.19,6619.54,100000,355,12026.19,6619.54,1
5011558,4783.53,12008.31,6612.45,100000,355,12008.31,6612.45,1
5024351,4776.5,11990.33,6605.32,100000,355,11990.33,6605.32,1
5037143,4769.45,11972.27,6598.16,100000,355,11972.27,6598.16,1
5049935,4762.4,11954.11,6590.97,100000,355,11954.11,6590.97,1
5062727,4755.32,11935.85,6583.73,100000,355,11935.85,6583.73,1
5075519,4748.24,11917.5,6576.46,100000,355,11917.5,6576.46,1
5088312,4741.13,11899.05,6569.15,100000,355,11899.05,6569.15,1
5101104,4734.02,11880.5,6561.8,100000,355,11880.5,6561.8,1
5113896,4726.89,11861.85,6554.41,100000,355,11861.85,6554.41,1
5126688,4719.74,11843.1,6546.99,100000,355,11843.1,6546.99,1
5139481,4712.58,11824.24,6539.52,100000,355,11824.24,6539.52,1
5152273,4705.4,11805.28,6532.01,100000,355,11805.28,6532.01,1
5165065,4698.2,11786.22,6524.47,100000,355,11786.22,6524.47,1
5177857,4690.99,11767.04,6516.88,100000,355,11767.04,6516.88,1
5190649,4683.77,11747.76,6509.25,100000,355,11747.76,6509.25,1
5203442,4676.53,11728.36,6501.57,100000,355,11728.36,6501.57,1
5216234,4669.27,11708.86,6493.86,100000,355,11708.86,6493.86,1
5229026,4661.99,11689.24,6486.1,100000,355,11689.24,6486.1,1
5241818,4654.7,11669.51,6478.3,100000,355,11669.51,6478.3,1
5254610,4647.39,11649.67,6470.45,100000,355,11649.67,6470.45,1
5267403,4640.07,11629.7,6462.56,100000,355,11629.7,6462.56,1
5280195,4632.73,11609.62,6454.63,100000,355,11609.62,6454.63,1
5292987,4625.37,11589.43,6446.65,100000,355,11589.43,6446.65,1
5305779,4617.99,11569.11,6438.62,100000,355,11569.11,6438.62,1
5318571,4610.6,11548.67,6430.55,100000,355,11548.67,6430.55,1
5331364,4603.19,11528.1,6422.43,100000,355,11528.1,6422.43,1
5344156,4595.76,11507.41,6414.27,100000,355,11507.41,6414.27,1
5356948,4588.31,11486.6,6406.06,100000,355,11486.6,6406.06,1
5369740,4580.84,11465.66,6397.8,100000,355,11465.66,6397.8,1
5382532,4573.36,11444.59,6389.49,100000,355,11444.59,6389.49,1
5395325,4565.86,11423.4,6381.13,100000,355,11423.4,6381.13,1
5408117,4558.34,11402.07,6372.72,100000,355,11402.07,6372.72,1
5420909,4550.8,11380.61,6364.27,100000,355,11380.61,6364.27,1
5433701,4543.24,11359.01,6355.76,100000,355,11359.01,6355.76,1
5446494,4535.66,11337.29,6347.2,100000,355,11337.29,6347.2,1
5459286,4528.07,11315.42,6338.59,100000,355,11315.42,6338.59,1
5472078,4520.45,11293.42,6329.93,100000,355,11293.42,6329.93,1
5484870,4512.82,11271.28,6321.22,100000,355,11271.28,6321.22,1
5497662,4505.16,11249,6312.45,100000,355,11249,6312.45,1
5510455,4497.49,11226.59,6303.64,100000,355,11226.59,6303.64,1
5523247,4489.79,11204.02,6294.77,100000,355,11204.02,6294.77,1
5536039,4482.08,11181.32,6285.84,100000,355,11181.32,6285.84,1
5548831,4474.35,11158.47,6276.86,100000,355,11158.47,6276.86,1
5561623,4466.59,11135.47,6267.83,100000,355,11135.47,6267.83,1
5574416,4458.82,11112.33,6258.74,100000,355,11112.33,6258.74,1
5587208,4451.02,11089.03,6249.59,100000,355,11089.03,6249.59,1
5600000,4443.2,11065.59,6240.39,100000,355,11065.59,6240.39,1
5614429,4434.36,11020.74,6198.32,100000,355,11020.74,6198.32,1
5628857,4425.49,10975.87,6156.11,100000,355,10975.87,6156.11,1
5643286,4416.6,10930.99,6113.9,100000,355,10930.99,6113.9,1
5657714,4407.68,10886.09,6071.7,100000,355,10886.09,6071.7,1
5672143,4398.73,10841.18,6029.5,100000,355,10841.18,6029.5,1
5686571,4389.75,10796.26,5987.31,100000,355,10796.26,5987.31,1
5701000,4380.74,10751.32,5945.13,100000,355,10751.32,5945.13,1
5718500,3988.05,10239.07,5556.66,100000,165,10239.07,5556.66,1
5736000,3983.97,10211.97,5543.11,100000,165,10211.97,5543.11,1
5753500,3979.9,10184.86,5529.57,100000,165,10184.86,5529.57,1
5771000,3975.82,10157.76,5516.02,100000,165,10157.76,5516.02,1
5784333,3959.02,10089.56,5477.03,100000,165,10089.56,5477.03,1
5797667,3942.21,10021.3,5438.14,100000,165,10021.3,5438.14,1
5811000,3925.41,9953.04,5399.24,100000,165,9953.04,5399.24,1
5824333,3908.6,9884.78,5360.35,100000,165,9884.78,5360.35,1
5837667,3891.8,9816.52,5321.45,100000,165,9816.52,5321.45,1
5851000,3874.99,9748.26,5282.55,100000,165,9748.26,5282.55,1
5864333,3858.19,9680,5243.66,100000,165,9680,5243.66,1
5877667,3841.38,9611.74,5204.76,100000,165,9611.74,5204.76,1
5891000,3824.58,9543.48,5165.86,100000,165,9543.48,5165.86,1
5904333,3807.77,9475.22,5126.97,100000,165,9475.22,5126.97,1
5917667,3790.97,9406.96,5088.07,100000,165,9406.96,5088.07,1
5931000,3774.16,9338.7,5049.18,100000,165,9338.7,5049.18,1
5944333,3757.36,9270.44,5010.28,100000,165,9270.44,5010.28,1
5957667,3740.55,9202.18,4971.38,100000,165,9202.18,4971.38,1
5971000,3723.75,9133.92,4932.49,100000,165,9133.92,4932.49,1
5984846,3535,8878.61,4760.21,100000,165,8878.61,4760.21,1
5998692,3526.73,8851.97,4750.52,100000,165,8851.97,4750.52,1
6012538,3518.46,8825.33,4740.82,100000,165,8825.33,4740.82,1
6026385,3510.19,8798.69,4731.13,100000,165,8798.69,4731.13,1
6040231,3501.92,8772.05,4721.44,100000,165,8772.05,4721.44,1
6054077,3493.65,8745.42,4711.75,100000,165,8745.42,4711.75,1
6067923,3485.39,8718.78,4702.05,100000,165,8718.78,4702.05,1
6081769,3477.12,8692.14,4692.36,100000,165,8692.14,4692.36,1
6095615,3468.85,8665.5,4682.67,100000,165,8665.5,4682.67,1
6109462,3460.58,8638.86,4672.98,100000,165,8638.86,4672.98,1
6123308,3452.31,8612.22,4663.28,100000,165,8612.22,4663.28,1
6137154,3444.04,8585.59,4653.59,100000,165,8585.59,4653.59,1
6151000,3435.78,8558.95,4643.9,100000,165,8558.95,4643.9,1
6165000,3361.01,7816.31,4437.86,100000,70,8058.71,4448.83,0.97102
6179000,3362.53,7832.17,4434.63,100000,70,8068.85,4461.39,0.96557
6193000,3364.05,7848.04,4431.41,100000,70,8079,4473.96,0.96013
6207000,3365.58,7863.9,4428.18,100000,70,8089.15,4486.52,0.95468
6221000,3367.1,7879.76,4424.96,100000,70,8099.29,4499.08,0.94924
6235000,3368.62,7895.62,4421.73,100000,70,8109.44,4511.65,0.94379
6249000,3370.14,7911.48,4418.51,100000,70,8119.58,4524.21,0.93835
6263000,3371.66,7927.34,4415.28,100000,70,8129.73,4536.78,0.9329
6277000,3373.18,7943.2,4412.06,100000,70,8139.88,4549.34,0.92746
6291000,3374.71,7959.06,4408.83,100000,70,8150.02,4561.9,0.92201
6309533,3376.72,7980.06,4404.56,100000,191,8163.45,4578.54,0.91481
6328067,3378.73,8001.06,4400.29,100000,191,8176.89,4595.17,0.9076
6346600,3380.75,8022.06,4396.02,100000,191,8190.32,4611.8,0.90039
6356000,2900,6800,3900,100000,300,6800,3900,1
6368000,2600,5800,3200,100000,300,5800,3200,1
6371000,1020,1450,0,100000,0,1450,0,1
