Counter,mX[GeV],mA[GeV],ThermAvgSommerfeld,Kappa0[GeV5]
0,200.0,0.01,None,None
1, ,0.01002768031739658,None, 
2, ,0.010055437254790278,None, 
3, ,0.010083271024267678,None, 
4, ,0.010111181838502424,None, 
5, ,0.010139169910756848,None, 
6, ,0.010167235454883608,None, 
7, ,0.010195378685327302,None, 
8, ,0.01022359981712612,None, 
9, ,0.010251899065913488,None, 
10, ,0.010280276647919707,None, 
11, ,0.010308732779973613,None, 
12, ,0.010337267679504231,None, 
13, ,0.010365881564542438,None, 
14, ,0.010394574653722628,None, 
15, ,0.010423347166284376,None, 
16, ,0.010452199322074123,None, 
17, ,0.010481131341546858,None, 
18, ,0.010510143445767785,None, 
19, ,0.010539235856414027,None, 
20, ,0.010568408795776323,None, 
21, ,0.010597662486760707,None, 
22, ,0.010626997152890243,None, 
23, ,0.0106564130183067,None, 
24, ,0.010685910307772278,None, 
25, ,0.010715489246671329,None, 
26, ,0.01074515006101208,None, 
27, ,0.010774892977428351,None, 
28, ,0.01080471822318129,None, 
29, ,0.010834626026161113,None, 
30, ,0.01086461661488885,None, 
31, ,0.010894690218518079,None, 
32, ,0.01092484706683668,None, 
33, ,0.010955087390268592,None, 
34, ,0.010985411419875584,None, 
35, ,0.011015819387359,None, 
36, ,0.011046311525061551,None, 
37, ,0.011076888065969064,None, 
38, ,0.011107549243712309,None, 
39, ,0.011138295292568715,None, 
40, ,0.01116912644746423,None, 
41, ,0.011200042943975063,None, 
42, ,0.011231045018329522,None, 
43, ,0.011262132907409786,None, 
44, ,0.011293306848753744,None, 
45, ,0.011324567080556784,None, 
46, ,0.011355913841673651,None, 
47, ,0.011387347371620228,None, 
48, ,0.011418867910575385,None, 
49, ,0.011450475699382815,None, 
50, ,0.011482170979552892,None, 
51, ,0.011513953993264476,None, 
52, ,0.011545824983366794,None, 
53, ,0.011577784193381284,None, 
54, ,0.011609831867503471,None, 
55, ,0.011641968250604815,None, 
56, ,0.011674193588234582,None, 
57, ,0.011706508126621726,None, 
58, ,0.01173891211267678,None, 
59, ,0.011771405793993724,None, 
60, ,0.011803989418851895,None, 
61, ,0.011836663236217857,None, 
62, ,0.011869427495747351,None, 
63, ,0.01190228244778715,None, 
64, ,0.011935228343377,None, 
65, ,0.011968265434251531,None, 
66, ,0.012001393972842193,None, 
67, ,0.012034614212279159,None, 
68, ,0.012067926406393287,None, 
69, ,0.012101330809718036,None, 
70, ,0.012134827677491435,None, 
71, ,0.012168417265658014,None, 
72, ,0.012202099830870759,None, 
73, ,0.012235875630493085,None, 
74, ,0.012269744922600795,None, 
75, ,0.012303707965984064,None, 
76, ,0.012337765020149391,None, 
77, ,0.0123719163453216,None, 
78, ,0.012406162202445843,None, 
79, ,0.01244050285318956,None, 
80, ,0.012474938559944495,None, 
81, ,0.012509469585828705,None, 
82, ,0.012544096194688563,None, 
83, ,0.012578818651100786,None, 
84, ,0.012613637220374436,None, 
85, ,0.012648552168552958,None, 
86, ,0.012683563762416231,None, 
87, ,0.012718672269482577,None, 
88, ,0.012753877958010813,None, 
89, ,0.012789181097002313,None, 
90, ,0.012824581956203049,None, 
91, ,0.012860080806105664,None, 
92, ,0.012895677917951532,None, 
93, ,0.012931373563732822,None, 
94, ,0.01296716801619461,None, 
95, ,0.013003061548836913,None, 
96, ,0.01303905443591682,None, 
97, ,0.013075146952450569,None, 
98, ,0.013111339374215644,None, 
99, ,0.0131476319777529,None, 
100, ,0.013184025040368664,None, 
101, ,0.013220518840136844,None, 
102, ,0.013257113655901088,None, 
103, ,0.013293809767276876,None, 
104, ,0.013330607454653674,None, 
105, ,0.013367506999197077,None, 
106, ,0.013404508682850957,None, 
107, ,0.01344161278833961,None, 
108, ,0.013478819599169923,None, 
109, ,0.013516129399633552,None, 
110, ,0.013553542474809057,None, 
111, ,0.013591059110564132,None, 
112, ,0.01362867959355774,None, 
113, ,0.013666404211242338,None, 
114, ,0.013704233251866052,None, 
115, ,0.013742167004474894,None, 
116, ,0.013780205758914962,None, 
117, ,0.01381834980583465,None, 
118, ,0.013856599436686896,None, 
119, ,0.013894954943731374,None, 
120, ,0.013933416620036741,None, 
121, ,0.01397198475948288,None, 
122, ,0.014010659656763149,None, 
123, ,0.014049441607386614,None, 
124, ,0.014088330907680332,None, 
125, ,0.014127327854791597,None, 
126, ,0.01416643274669021,None, 
127, ,0.014205645882170775,None, 
128, ,0.014244967560854969,None, 
129, ,0.014284398083193813,None, 
130, ,0.014323937750470004,None, 
131, ,0.014363586864800191,None, 
132, ,0.01440334572913729,None, 
133, ,0.014443214647272802,None, 
134, ,0.01448319392383915,None, 
135, ,0.01452328386431196,None, 
136, ,0.014563484775012438,None, 
137, ,0.014603796963109697,None, 
138, ,0.014644220736623106,None, 
139, ,0.014684756404424638,None, 
140, ,0.01472540427624123,None, 
141, ,0.014766164662657162,None, 
142, ,0.01480703787511641,None, 
143, ,0.014848024225925047,None, 
144, ,0.014889124028253618,None, 
145, ,0.014930337596139532,None, 
146, ,0.014971665244489453,None, 
147, ,0.015013107289081737,None, 
148, ,0.015054664046568803,None, 
149, ,0.015096335834479587,None, 
150, ,0.015138122971221963,None, 
151, ,0.015180025776085153,None, 
152, ,0.015222044569242182,None, 
153, ,0.015264179671752334,None, 
154, ,0.015306431405563587,None, 
155, ,0.015348800093515087,None, 
156, ,0.0153912860593396,None, 
157, ,0.015433889627666009,None, 
158, ,0.01547661112402176,None, 
159, ,0.015519450874835397,None, 
160, ,0.015562409207439003,None, 
161, ,0.015605486450070741,None, 
162, ,0.01564868293187734,None, 
163, ,0.015691998982916622,None, 
164, ,0.015735434934160016,None, 
165, ,0.01577899111749509,None, 
166, ,0.015822667865728095,None, 
167, ,0.015866465512586497,None, 
168, ,0.015910384392721525,None, 
169, ,0.015954424841710738,None, 
170, ,0.015998587196060586,None, 
171, ,0.016042871793208964,None, 
172, ,0.01608727897152783,None, 
173, ,0.016131809070325753,None, 
174, ,0.01617646242985051,None, 
175, ,0.01622123939129172,None, 
176, ,0.016266140296783402,None, 
177, ,0.016311165489406632,None, 
178, ,0.016356315313192125,None, 
179, ,0.016401590113122897,None, 
180, ,0.01644699023513688,None, 
181, ,0.016492516026129576,None, 
182, ,0.016538167833956726,None, 
183, ,0.01658394600743691,None, 
184, ,0.01662985089635427,None, 
185, ,0.016675882851461155,None, 
186, ,0.01672204222448082,None, 
187, ,0.016768329368110086,None, 
188, ,0.01681474463602205,None, 
189, ,0.016861288382868805,None, 
190, ,0.016907960964284104,None, 
191, ,0.01695476273688614,None, 
192, ,0.017001694058280212,None, 
193, ,0.017048755287061488,None, 
194, ,0.01709594678281774,None, 
195, ,0.017143268906132082,None, 
196, ,0.017190722018585746,None, 
197, ,0.01723830648276083,None, 
198, ,0.017286022662243064,None, 
199, ,0.01733387092162459,None, 
200, ,0.017381851626506784,None, 
201, ,0.017429965143502982,None, 
202, ,0.017478211840241332,None, 
203, ,0.017526592085367585,None, 
204, ,0.017575106248547922,None, 
205, ,0.017623754700471762,None, 
206, ,0.01767253781285461,None, 
207, ,0.017721455958440897,None, 
208, ,0.01777050951100681,None, 
209, ,0.017819698845363174,None, 
210, ,0.017869024337358284,None, 
211, ,0.017918486363880815,None, 
212, ,0.017968085302862667,None, 
213, ,0.018017821533281863,None, 
214, ,0.01806769543516549,None, 
215, ,0.01811770738959249,None, 
216, ,0.018167857778696724,None, 
217, ,0.018218146985669748,None, 
218, ,0.018268575394763842,None, 
219, ,0.01831914339129488,None, 
220, ,0.018369851361645328,None, 
221, ,0.01842069969326716,None, 
222, ,0.018471688774684827,None, 
223, ,0.01852281899549824,None, 
224, ,0.01857409074638572,None, 
225, ,0.018625504419107004,None, 
226, ,0.01867706040650623,None, 
227, ,0.01872875910251495,None, 
228, ,0.01878060090215512,None, 
229, ,0.018832586201542125,None, 
230, ,0.01888471539788785,None, 
231, ,0.0189369888895036,None, 
232, ,0.0189894070758033,None, 
233, ,0.01904197035730641,None, 
234, ,0.01909467913564106,None, 
235, ,0.019147533813547103,None, 
236, ,0.01920053479487917,None, 
237, ,0.01925368248460981,None, 
238, ,0.019306977288832496,None, 
239, ,0.01936041961476484,None, 
240, ,0.01941400987075161,None, 
241, ,0.019467748466267882,None, 
242, ,0.01952163581192219,None, 
243, ,0.019575672319459638,None, 
244, ,0.019629858401765045,None, 
245, ,0.019684194472866116,None, 
246, ,0.019738680947936616,None, 
247, ,0.019793318243299482,None, 
248, ,0.019848106776430084,None, 
249, ,0.01990304696595936,None, 
250, ,0.019958139231677042,None, 
251, ,0.02001338399453484,None, 
252, ,0.020068781676649675,None, 
253, ,0.02012433270130691,None, 
254, ,0.020180037492963557,None, 
255, ,0.02023589647725156,None, 
256, ,0.02029191008098103,None, 
257, ,0.020348078732143476,None, 
258, ,0.020404402859915103,None, 
259, ,0.02046088289466012,None, 
260, ,0.02051751926793396,None, 
261, ,0.020574312412486653,None, 
262, ,0.020631262762266057,None, 
263, ,0.02068837075242122,None, 
264, ,0.02074563681930574,None, 
265, ,0.020803061400480997,None, 
266, ,0.020860644934719574,None, 
267, ,0.020918387862008617,None, 
268, ,0.02097629062355313,None, 
269, ,0.021034353661779418,None, 
270, ,0.021092577420338408,None, 
271, ,0.021150962344109108,None, 
272, ,0.021209508879201904,None, 
273, ,0.02126821747296209,None, 
274, ,0.021327088573973203,None, 
275, ,0.021386122632060457,None, 
276, ,0.02144532009829422,None, 
277, ,0.021504681424993424,None, 
278, ,0.021564207065729042,None, 
279, ,0.021623897475327523,None, 
280, ,0.021683753109874342,None, 
281, ,0.02174377442671738,None, 
282, ,0.0218039618844705,None, 
283, ,0.02186431594301701,None, 
284, ,0.02192483706351319,None, 
285, ,0.021985525708391827,None, 
286, ,0.02204638234136571,None, 
287, ,0.022107407427431256,None, 
288, ,0.022168601432871925,None, 
289, ,0.022229964825261943,None, 
290, ,0.02229149807346975,None, 
291, ,0.02235320164766164,None, 
292, ,0.022415076019305345,None, 
293, ,0.022477121661173632,None, 
294, ,0.022539339047347912,None, 
295, ,0.022601728653221874,None, 
296, ,0.02266429095550513,None, 
297, ,0.02272702643222681,None, 
298, ,0.022789935562739262,None, 
299, ,0.02285301882772169,None, 
300, ,0.022916276709183826,None, 
301, ,0.022979709690469627,None, 
302, ,0.023043318256260964,None, 
303, ,0.023107102892581347,None, 
304, ,0.02317106408679954,None, 
305, ,0.02323520232763345,None, 
306, ,0.023299518105153717,None, 
307, ,0.02336401191078752,None, 
308, ,0.02342868423732233,None, 
309, ,0.023493535578909663,None, 
310, ,0.023558566431068868,None, 
311, ,0.023623777290690897,None, 
312, ,0.02368916865604214,None, 
313, ,0.023754741026768174,None, 
314, ,0.023820494903897628,None, 
315, ,0.02388643078984598,None, 
316, ,0.02395254918841942,None, 
317, ,0.024018850604818686,None, 
318, ,0.024085335545642912,None, 
319, ,0.024152004518893582,None, 
320, ,0.024218858033978226,None, 
321, ,0.02428589660171455,None, 
322, ,0.024353120734334148,None, 
323, ,0.024420530945486508,None, 
324, ,0.02448812775024292,None, 
325, ,0.02455591166510039,None, 
326, ,0.024623883207985628,None, 
327, ,0.02469204289825895,None, 
328, ,0.024760391256718327,None, 
329, ,0.024828928805603275,None, 
330, ,0.02489765606859889,None, 
331, ,0.024966573570839864,None, 
332, ,0.025035681838914456,None, 
333, ,0.025104981400868552,None, 
334, ,0.02517447278620967,None, 
335, ,0.02524415652591106,None, 
336, ,0.02531403315241567,None, 
337, ,0.025384103199640316,None, 
338, ,0.02545436720297967,None, 
339, ,0.02552482569931043,None, 
340, ,0.02559547922699536,None, 
341, ,0.02566632832588744,None, 
342, ,0.02573737353733398,None, 
343, ,0.02580861540418074,None, 
344, ,0.02588005447077614,None, 
345, ,0.02595169128297533,None, 
346, ,0.02602352638814441,None, 
347, ,0.02609556033516462,None, 
348, ,0.026167793674436515,None, 
349, ,0.02624022695788418,None, 
350, ,0.02631286073895942,None, 
351, ,0.026385695572646074,None, 
352, ,0.026458732015464097,None, 
353, ,0.026531970625474008,None, 
354, ,0.026605411962280997,None, 
355, ,0.026679056587039264,None, 
356, ,0.02675290506245632,None, 
357, ,0.02682695795279726,None, 
358, ,0.026901215823889074,None, 
359, ,0.02697567924312497,None, 
360, ,0.02705034877946878,None, 
361, ,0.02712522500345917,None, 
362, ,0.02720030848721411,None, 
363, ,0.02727559980443521,None, 
364, ,0.02735109953041209,None, 
365, ,0.02742680824202682,None, 
366, ,0.027502726517758248,None, 
367, ,0.027578854937686557,None, 
368, ,0.02765519408349748,None, 
369, ,0.027731744538487004,None, 
370, ,0.027808506887565625,None, 
371, ,0.027885481717262902,None, 
372, ,0.02796266961573194,None, 
373, ,0.028040071172753856,None, 
374, ,0.02811768697974231,None, 
375, ,0.028195517629747986,None, 
376, ,0.02827356371746322,None, 
377, ,0.0283518258392264,None, 
378, ,0.028430304593026638,None, 
379, ,0.028509000578508283,None, 
380, ,0.028587914396975517,None, 
381, ,0.028667046651396976,None, 
382, ,0.02874639794641028,None, 
383, ,0.0288259688883268,None, 
384, ,0.028905760085136067,None, 
385, ,0.02898577214651066,None, 
386, ,0.0290660056838107,None, 
387, ,0.029146461310088568,None, 
388, ,0.029227139640093613,None, 
389, ,0.029308041290276806,None, 
390, ,0.0293891668787955,None, 
391, ,0.029470517025518093,None, 
392, ,0.02955209235202888,None, 
393, ,0.029633893481632582,None, 
394, ,0.029715921039359387,None, 
395, ,0.029798175651969506,None, 
396, ,0.029880657947958064,None, 
397, ,0.029963368557559874,None, 
398, ,0.030046308112754275,None, 
399, ,0.030129477247269918,None, 
400, ,0.03021287659658965,None, 
401, ,0.03029650679795538,None, 
402, ,0.030380368490372886,None, 
403, ,0.03046446231461675,None, 
404, ,0.03054878891323522,None, 
405, ,0.03063334893055517,None, 
406, ,0.03071814301268697,None, 
407, ,0.030803171807529426,None, 
408, ,0.030888435964774818,None, 
409, ,0.030973936135913687,None, 
410, ,0.031059672974240043,None, 
411, ,0.03114564713485613,None, 
412, ,0.031231859274677608,None, 
413, ,0.031318310052438444,None, 
414, ,0.03140500012869605,None, 
415, ,0.031491930165836235,None, 
416, ,0.031579100828078355,None, 
417, ,0.031666512781480353,None, 
418, ,0.031754166693943764,None, 
419, ,0.03184206323521899,None, 
420, ,0.031930203076910274,None, 
421, ,0.03201858689248088,None, 
422, ,0.032107215357258266,None, 
423, ,0.03219608914843918,None, 
424, ,0.032285208945094936,None, 
425, ,0.032374575428176434,None, 
426, ,0.032464189280519584,None, 
427, ,0.03255405118685032,None, 
428, ,0.032644161833789966,None, 
429, ,0.03273452190986044,None, 
430, ,0.032825132105489443,None, 
431, ,0.032915993113015934,None, 
432, ,0.0330071056266951,None, 
433, ,0.033098470342704064,None, 
434, ,0.03319008795914677,None, 
435, ,0.03328195917605973,None, 
436, ,0.03337408469541707,None, 
437, ,0.03346646522113602,None, 
438, ,0.03355910145908228,None, 
439, ,0.03365199411707541,None, 
440, ,0.03374514390489428,None, 
441, ,0.03383855153428233,None, 
442, ,0.03393221771895328,None, 
443, ,0.034026143174596325,None, 
444, ,0.034120328618881764,None, 
445, ,0.03421477477146639,None, 
446, ,0.03430948235399904,None, 
447, ,0.034404452090126166,None, 
448, ,0.03449968470549716,None, 
449, ,0.03459518092777018,None, 
450, ,0.034690941486617444,None, 
451, ,0.03478696711373102,None, 
452, ,0.03488325854282827,None, 
453, ,0.03497981650965752,None, 
454, ,0.03507664175200366,None, 
455, ,0.0351737350096938,None, 
456, ,0.035271097024602974,None, 
457, ,0.035368728540659616,None, 
458, ,0.035466630303851505,None, 
459, ,0.03556480306223128,None, 
460, ,0.03566324756592223,None, 
461, ,0.03576196456712398,None, 
462, ,0.035860954820118286,None, 
463, ,0.035960219081274836,None, 
464, ,0.03605975810905685,None, 
465, ,0.03615957266402712,None, 
466, ,0.0362596635088536,None, 
467, ,0.036360031408315424,None, 
468, ,0.0364606771293086,None, 
469, ,0.036561601440851965,None, 
470, ,0.036662805114092964,None, 
471, ,0.03676428892231365,None, 
472, ,0.03686605364093658,None, 
473, ,0.03696810004753062,None, 
474, ,0.037070428921817035,None, 
475, ,0.03717304104567536,None, 
476, ,0.0372759372031494,None, 
477, ,0.03737911818045322,None, 
478, ,0.03748258476597712,None, 
479, ,0.03758633775029378,None, 
480, ,0.03769037792616409,None, 
481, ,0.03779470608854344,None, 
482, ,0.03789932303458755,None, 
483, ,0.038004229563658835,None, 
484, ,0.03810942647733229,None, 
485, ,0.03821491457940172,None, 
486, ,0.03832069467588582,None, 
487, ,0.0384267675750344,None, 
488, ,0.038533134087334574,None, 
489, ,0.0386397950255168,None, 
490, ,0.0387467512045613,None, 
491, ,0.038854003441704164,None, 
492, ,0.03896155255644358,None, 
493, ,0.03906939937054617,None, 
494, ,0.0391775447080532,None, 
495, ,0.039285989395286984,None, 
496, ,0.03939473426085698,None, 
497, ,0.03950378013566645,None, 
498, ,0.03961312785291842,None, 
499, ,0.03972277824812243,None, 
500, ,0.03983273215910063,None, 
501, ,0.03994299042599432,None, 
502, ,0.040053553891270334,None, 
503, ,0.040164423399727436,None, 
504, ,0.040275599798502974,None, 
505, ,0.040387083937078974,None, 
506, ,0.04049887666728904,None, 
507, ,0.0406109788433246,None, 
508, ,0.0407233913217415,None, 
509, ,0.040836114961466594,None, 
510, ,0.040949150623804234,None, 
511, ,0.04106249917244298,None, 
512, ,0.04117616147346196,None, 
513, ,0.041290138395337815,None, 
514, ,0.04140443080895096,None, 
515, ,0.041519039587592614,None, 
516, ,0.041633965606971184,None, 
517, ,0.041749209745219104,None, 
518, ,0.04186477288289951,None, 
519, ,0.04198065590301293,None, 
520, ,0.042096859691004164,None, 
521, ,0.04221338513476877,None, 
522, ,0.042330233124660235,None, 
523, ,0.0424474045534964,None, 
524, ,0.042564900316566574,None, 
525, ,0.04268272131163822,None, 
526, ,0.0428008684389638,None, 
527, ,0.04291934260128778,None, 
528, ,0.04303814470385338,None, 
529, ,0.04315727565440967,None, 
530, ,0.043276736363218216,None, 
531, ,0.043396527743060416,None, 
532, ,0.04351665070924416,None, 
533, ,0.04363710617961096,None, 
534, ,0.04375789507454295,None, 
535, ,0.04387901831696989,None, 
536, ,0.04400047683237632,None, 
537, ,0.0441222715488084,None, 
538, ,0.044244403396881335,None, 
539, ,0.04436687330978612,None, 
540, ,0.04448968222329699,None, 
541, ,0.04461283107577837,None, 
542, ,0.044736320808192134,None, 
543, ,0.044860152364104726,None, 
544, ,0.04498432668969444,None, 
545, ,0.04510884473375868,None, 
546, ,0.04523370744772101,None, 
547, ,0.04535891578563871,None, 
548, ,0.04548447070420983,None, 
549, ,0.04561037316278063,None, 
550, ,0.04573662412335285,None, 
551, ,0.045863224550591074,None, 
552, ,0.0459901754118302,None, 
553, ,0.04611747767708256,None, 
554, ,0.04624513231904572,None, 
555, ,0.0463731403131095,None, 
556, ,0.0465015026373638,None, 
557, ,0.04663022027260581,None, 
558, ,0.04675929420234763,None, 
559, ,0.04688872541282374,None, 
560, ,0.04701851489299852,None, 
561, ,0.047148663634573935,None, 
562, ,0.04727917263199688,None, 
563, ,0.047410042882467016,None, 
564, ,0.047541275385944236,None, 
565, ,0.04767287114515635,None, 
566, ,0.04780483116560677,None, 
567, ,0.047937156455582136,None, 
568, ,0.04806984802616017,None, 
569, ,0.04820290689121709,None, 
570, ,0.04833633406743579,None, 
571, ,0.04847013057431314,None, 
572, ,0.048604297434168206,None, 
573, ,0.04873883567214976,None, 
574, ,0.04887374631624425,None, 
575, ,0.0490090303972836,None, 
576, ,0.049144688948953116,None, 
577, ,0.04928072300779948,None, 
578, ,0.04941713361323833,None, 
579, ,0.0495539218075627,None, 
580, ,0.049691088635950564,None, 
581, ,0.04982863514647303,None, 
582, ,0.04996656239010231,None, 
583, ,0.05010487142071969,None, 
584, ,0.05024356329512375,None, 
585, ,0.05038263907303815,None, 
586, ,0.05052209981712008,None, 
587, ,0.050661946592968014,None, 
588, ,0.0508021804691302,None, 
589, ,0.050942802517112584,None, 
590, ,0.05108381381138709,None, 
591, ,0.05122521542939978,None, 
592, ,0.05136700845157916,None, 
593, ,0.051509193961344436,None, 
594, ,0.05165177304511361,None, 
595, ,0.0517947467923121,None, 
596, ,0.05193811629538077,None, 
597, ,0.05208188264978443,None, 
598, ,0.05222604695402018,None, 
599, ,0.05237061030962576,None, 
600, ,0.052515573821188086,None, 
601, ,0.052660938596351466,None, 
602, ,0.05280670574582637,None, 
603, ,0.05295287638339757,None, 
604, ,0.053099451625933006,None, 
605, ,0.05324643259339202,None, 
606, ,0.053393820408834086,None, 
607, ,0.053541616198427344,None, 
608, ,0.05368982109145715,None, 
609, ,0.053838436220334886,None, 
610, ,0.053987462720606304,None, 
611, ,0.05413690173096055,None, 
612, ,0.054286754393238594,None, 
613, ,0.0544370218524421,None, 
614, ,0.054587705256742114,None, 
615, ,0.05473880575748785,None, 
616, ,0.054890324509215584,None, 
617, ,0.05504226266965719,None, 
618, ,0.05519462139974941,None, 
619, ,0.0553474018636423,None, 
620, ,0.05550060522870847,None, 
621, ,0.055654232665551764,None, 
622, ,0.055808285348016316,None, 
623, ,0.05596276445319553,None, 
624, ,0.05611767116144095,None, 
625, ,0.05627300665637154,None, 
626, ,0.05642877212488232,None, 
627, ,0.056584968757153936,None, 
628, ,0.056741597746661286,None, 
629, ,0.056898660290182965,None, 
630, ,0.05705615758781021,None, 
631, ,0.057214090842956165,None, 
632, ,0.05737246126236518,None, 
633, ,0.05753127005612167,None, 
634, ,0.05769051843765989,None, 
635, ,0.05785020762377264,None, 
636, ,0.05801033883462104,None, 
637, ,0.058170913293743576,None, 
638, ,0.05833193222806556,None, 
639, ,0.05849339686790842,None, 
640, ,0.05865530844699918,None, 
641, ,0.058817668202479925,None, 
642, ,0.05898047737491704,None, 
643, ,0.05914373720831101,None, 
644, ,0.059307448950105576,None, 
645, ,0.059471613851197626,None, 
646, ,0.05963623316594643,None, 
647, ,0.05980130815218341,None, 
648, ,0.05996684007122172,None, 
649, ,0.060132830187865825,None, 
650, ,0.060299279770421335,None, 
651, ,0.060466190090704364,None, 
652, ,0.06063356242405162,None, 
653, ,0.06080139804932992,None, 
654, ,0.06096969824894605,None, 
655, ,0.06113846430885651,None, 
656, ,0.061307697518577335,None, 
657, ,0.06147739917119415,None, 
658, ,0.06164757056337161,None, 
659, ,0.061818212995363865,None, 
660, ,0.061989327771023936,None, 
661, ,0.062160916197814185,None, 
662, ,0.062332979586815974,None, 
663, ,0.06250551925273973,None, 
664, ,0.06267853651393512,None, 
665, ,0.06285203269240097,None, 
666, ,0.06302600911379559,None, 
667, ,0.06320046710744652,None, 
668, ,0.06337540800636114,None, 
669, ,0.06355083314723653,None, 
670, ,0.0637267438704698,None, 
671, ,0.06390314152016831,None, 
672, ,0.06408002744415996,None, 
673, ,0.06425740299400359,None, 
674, ,0.06443526952499895,None, 
675, ,0.0646136283961976,None, 
676, ,0.06479248097041271,None, 
677, ,0.06497182861423001,None, 
678, ,0.0651516726980178,None, 
679, ,0.06533201459593774,None, 
680, ,0.0655128556859551,None, 
681, ,0.06569419734984942,None, 
682, ,0.06587604097322519,None, 
683, ,0.06605838794552206,None, 
684, ,0.0662412396600259,None, 
685, ,0.06642459751387915,None, 
686, ,0.06660846290809158,None, 
687, ,0.06679283724755099,None, 
688, ,0.066977721941034,None, 
689, ,0.06716311840121683,None, 
690, ,0.06734902804468576,None, 
691, ,0.0675354522919486,None, 
692, ,0.06772239256744482,None, 
693, ,0.06790985029955711,None, 
694, ,0.0680978269206217,None, 
695, ,0.06828632386693972,None, 
696, ,0.06847534257878797,None, 
697, ,0.06866488450042997,None, 
698, ,0.06885495108012718,None, 
699, ,0.06904554377014951,None, 
700, ,0.06923666402678724,None, 
701, ,0.06942831331036142,None, 
702, ,0.06962049308523542,None, 
703, ,0.06981320481982599,None, 
704, ,0.07000644998661447,None, 
705, ,0.07020023006215825,None, 
706, ,0.07039454652710156,None, 
707, ,0.07058940086618745,None, 
708, ,0.07078479456826847,None, 
709, ,0.0709807291263186,None, 
710, ,0.07117720603744432,None, 
711, ,0.07137422680289615,None, 
712, ,0.07157179292808011,None, 
713, ,0.07176990592256924,None, 
714, ,0.07196856730011521,None, 
715, ,0.07216777857865961,None, 
716, ,0.07236754128034595,None, 
717, ,0.07256785693153096,None, 
718, ,0.0727687270627964,None, 
719, ,0.07297015320896072,None, 
720, ,0.0731721369090908,None, 
721, ,0.0733746797065138,None, 
722, ,0.07357778314882864,None, 
723, ,0.07378144878791831,None, 
724, ,0.07398567817996117,None, 
725, ,0.07419047288544342,None, 
726, ,0.07439583446917059,None, 
727, ,0.0746017645002796,None, 
728, ,0.07480826455225087,None, 
729, ,0.07501533620292017,None, 
730, ,0.07522298103449103,None, 
731, ,0.07543120063354615,None, 
732, ,0.07563999659106031,None, 
733, ,0.075849370502412,None, 
734, ,0.07605932396739576,None, 
735, ,0.07626985859023444,None, 
736, ,0.0764809759795914,None, 
737, ,0.07669267774858296,None, 
738, ,0.07690496551479037,None, 
739, ,0.07711784090027267,None, 
740, ,0.07733130553157846,None, 
741, ,0.07754536103975906,None, 
742, ,0.07776000906038036,None, 
743, ,0.07797525123353559,None, 
744, ,0.07819108920385782,None, 
745, ,0.07840752462053249,None, 
746, ,0.07862455913731019,None, 
747, ,0.07884219441251883,None, 
748, ,0.07906043210907697,None, 
749, ,0.07927927389450598,None, 
750, ,0.07949872144094301,None, 
751, ,0.07971877642515378,None, 
752, ,0.07993944052854526,None, 
753, ,0.08016071543717881,None, 
754, ,0.08038260284178259,None, 
755, ,0.080605104437765,None, 
756, ,0.08082822192522715,None, 
757, ,0.0810519570089763,None, 
758, ,0.08127631139853854,None, 
759, ,0.08150128680817202,None, 
760, ,0.08172688495688002,None, 
761, ,0.08195310756842401,None, 
762, ,0.08217995637133704,None, 
763, ,0.08240743309893657,None, 
764, ,0.08263553948933818,None, 
765, ,0.08286427728546843,None, 
766, ,0.08309364823507842,None, 
767, ,0.0833236540907571,None, 
768, ,0.0835542966099446,None, 
769, ,0.08378557755494573,None, 
770, ,0.08401749869294335,None, 
771, ,0.08425006179601212,None, 
772, ,0.0844832686411316,None, 
773, ,0.08471712101020032,None, 
774, ,0.08495162069004901,None, 
775, ,0.08518676947245445,None, 
776, ,0.08542256915415312,None, 
777, ,0.08565902153685491,None, 
778, ,0.08589612842725702,None, 
779, ,0.08613389163705737,None, 
780, ,0.08637231298296905,None, 
781, ,0.08661139428673352,None, 
782, ,0.08685113737513525,None, 
783, ,0.08709154408001503,None, 
784, ,0.08733261623828432,None, 
785, ,0.08757435569193928,None, 
786, ,0.08781676428807461,None, 
787, ,0.08805984387889812,None, 
788, ,0.0883035963217442,None, 
789, ,0.08854802347908873,None, 
790, ,0.08879312721856282,None, 
791, ,0.08903890941296731,None, 
792, ,0.08928537194028692,None, 
793, ,0.08953251668370478,None, 
794, ,0.08978034553161678,None, 
795, ,0.09002886037764571,None, 
796, ,0.09027806312065632,None, 
797, ,0.0905279556647691,None, 
798, ,0.09077853991937554,None, 
799, ,0.09102981779915216,None, 
800, ,0.09128179122407552,None, 
801, ,0.0915344621194366,None, 
802, ,0.09178783241585567,None, 
803, ,0.0920419040492972,None, 
804, ,0.09229667896108418,None, 
805, ,0.09255215909791348,None, 
806, ,0.0928083464118704,None, 
807, ,0.09306524286044364,None, 
808, ,0.09332285040654033,None, 
809, ,0.09358117101850093,None, 
810, ,0.09384020667011456,None, 
811, ,0.09409995934063344,None, 
812, ,0.0943604310147889,None, 
813, ,0.0946216236828056,None, 
814, ,0.0948835393404176,None, 
815, ,0.09514617998888296,None, 
816, ,0.09540954763499937,None, 
817, ,0.09567364429111948,None, 
818, ,0.095938471975166,None, 
819, ,0.0962040327106476,None, 
820, ,0.09647032852667373,None, 
821, ,0.0967373614579708,None, 
822, ,0.09700513354489723,None, 
823, ,0.09727364683345928,None, 
824, ,0.09754290337532656,None, 
825, ,0.09781290522784783,None, 
826, ,0.09808365445406672,None, 
827, ,0.09835515312273717,None, 
828, ,0.09862740330833987,None, 
829, ,0.09890040709109736,None, 
830, ,0.0991741665569906,None, 
831, ,0.0994486837977745,None, 
832, ,0.09972396091099396,None, 
833, ,0.1,None, 
834, ,0.1002768031739658,None, 
835, ,0.10055437254790273,None, 
836, ,0.10083271024267673,None, 
837, ,0.1011118183850242,None, 
838, ,0.10139169910756847,None, 
839, ,0.10167235454883608,None, 
840, ,0.101953786853273,None, 
841, ,0.1022359981712612,None, 
842, ,0.10251899065913488,None, 
843, ,0.10280276647919702,None, 
844, ,0.10308732779973608,None, 
845, ,0.10337267679504228,None, 
846, ,0.10365881564542437,None, 
847, ,0.10394574653722627,None, 
848, ,0.10423347166284376,None, 
849, ,0.10452199322074124,None, 
850, ,0.10481131341546858,None, 
851, ,0.1051014344576778,None, 
852, ,0.10539235856414024,None, 
853, ,0.10568408795776317,None, 
854, ,0.10597662486760707,None, 
855, ,0.10626997152890244,None, 
856, ,0.10656413018306699,None, 
857, ,0.10685910307772277,None, 
858, ,0.10715489246671332,None, 
859, ,0.10745150061012076,None, 
860, ,0.10774892977428344,None, 
861, ,0.10804718223181284,None, 
862, ,0.10834626026161112,None, 
863, ,0.10864616614888853,None, 
864, ,0.1089469021851808,None, 
865, ,0.1092484706683668,None, 
866, ,0.10955087390268592,None, 
867, ,0.10985411419875578,None, 
868, ,0.11015819387358997,None, 
869, ,0.11046311525061543,None, 
870, ,0.11076888065969066,None, 
871, ,0.11107549243712307,None, 
872, ,0.11138295292568716,None, 
873, ,0.11169126447464232,None, 
874, ,0.11200042943975064,None, 
875, ,0.11231045018329516,None, 
876, ,0.1126213290740978,None, 
877, ,0.11293306848753736,None, 
878, ,0.11324567080556786,None, 
879, ,0.11355913841673652,None, 
880, ,0.11387347371620228,None, 
881, ,0.11418867910575382,None, 
882, ,0.1145047569938282,None, 
883, ,0.11482170979552885,None, 
884, ,0.1151395399326447,None, 
885, ,0.11545824983366787,None, 
886, ,0.11577784193381285,None, 
887, ,0.11609831867503473,None, 
888, ,0.11641968250604814,None, 
889, ,0.1167419358823458,None, 
890, ,0.11706508126621727,None, 
891, ,0.11738912112676772,None, 
892, ,0.1177140579399372,None, 
893, ,0.11803989418851887,None, 
894, ,0.11836663236217858,None, 
895, ,0.11869427495747352,None, 
896, ,0.1190228244778715,None, 
897, ,0.11935228343377,None, 
898, ,0.11968265434251532,None, 
899, ,0.12001393972842192,None, 
900, ,0.12034614212279154,None, 
901, ,0.12067926406393285,None, 
902, ,0.12101330809718035,None, 
903, ,0.12134827677491435,None, 
904, ,0.12168417265658014,None, 
905, ,0.12202099830870758,None, 
906, ,0.12235875630493084,None, 
907, ,0.12269744922600798,None, 
908, ,0.12303707965984058,None, 
909, ,0.12337765020149385,None, 
910, ,0.123719163453216,None, 
911, ,0.12406162202445845,None, 
912, ,0.1244050285318956,None, 
913, ,0.12474938559944496,None, 
914, ,0.12509469585828706,None, 
915, ,0.12544096194688567,None, 
916, ,0.12578818651100782,None, 
917, ,0.1261363722037443,None, 
918, ,0.12648552168552954,None, 
919, ,0.12683563762416233,None, 
920, ,0.12718672269482578,None, 
921, ,0.12753877958010812,None, 
922, ,0.1278918109700231,None, 
923, ,0.1282458195620305,None, 
924, ,0.1286008080610566,None, 
925, ,0.12895677917951526,None, 
926, ,0.12931373563732826,None, 
927, ,0.12967168016194608,None, 
928, ,0.13003061548836914,None, 
929, ,0.13039054435916822,None, 
930, ,0.13075146952450567,None, 
931, ,0.13111339374215644,None, 
932, ,0.13147631977752894,None, 
933, ,0.13184025040368655,None, 
934, ,0.13220518840136844,None, 
935, ,0.13257113655901087,None, 
936, ,0.13293809767276876,None, 
937, ,0.13330607454653676,None, 
938, ,0.13367506999197076,None, 
939, ,0.13404508682850955,None, 
940, ,0.13441612788339602,None, 
941, ,0.1347881959916992,None, 
942, ,0.13516129399633545,None, 
943, ,0.13553542474809055,None, 
944, ,0.1359105911056413,None, 
945, ,0.1362867959355774,None, 
946, ,0.1366640421124234,None, 
947, ,0.13704233251866052,None, 
948, ,0.13742167004474887,None, 
949, ,0.13780205758914954,None, 
950, ,0.1381834980583465,None, 
951, ,0.13856599436686898,None, 
952, ,0.13894954943731375,None, 
953, ,0.1393341662003674,None, 
954, ,0.1397198475948288,None, 
955, ,0.14010659656763147,None, 
956, ,0.14049441607386606,None, 
957, ,0.14088330907680324,None, 
958, ,0.14127327854791588,None, 
959, ,0.14166432746690208,None, 
960, ,0.14205645882170775,None, 
961, ,0.14244967560854968,None, 
962, ,0.14284398083193814,None, 
963, ,0.14323937750470006,None, 
964, ,0.14363586864800182,None, 
965, ,0.14403345729137285,None, 
966, ,0.14443214647272806,None, 
967, ,0.1448319392383915,None, 
968, ,0.1452328386431196,None, 
969, ,0.14563484775012436,None, 
970, ,0.14603796963109694,None, 
971, ,0.14644220736623104,None, 
972, ,0.1468475640442463,None, 
973, ,0.14725404276241225,None, 
974, ,0.14766164662657155,None, 
975, ,0.14807037875116408,None, 
976, ,0.14848024225925047,None, 
977, ,0.1488912402825362,None, 
978, ,0.14930337596139528,None, 
979, ,0.14971665244489454,None, 
980, ,0.15013107289081729,None, 
981, ,0.15054664046568794,None, 
982, ,0.15096335834479588,None, 
983, ,0.15138122971221962,None, 
984, ,0.15180025776085151,None, 
985, ,0.15222044569242182,None, 
986, ,0.15264179671752334,None, 
987, ,0.15306431405563584,None, 
988, ,0.15348800093515078,None, 
989, ,0.15391286059339593,None, 
990, ,0.15433889627666,None, 
991, ,0.15476611124021758,None, 
992, ,0.15519450874835394,None, 
993, ,0.15562409207439004,None, 
994, ,0.1560548645007074,None, 
995, ,0.1564868293187734,None, 
996, ,0.15691998982916613,None, 
997, ,0.15735434934160009,None, 
998, ,0.15778991117495084,None, 
999, ,0.15822667865728093,None, 
1000, ,0.15866465512586495,None, 
1001, ,0.15910384392721524,None, 
1002, ,0.15954424841710738,None, 
1003, ,0.15998587196060582,None, 
1004, ,0.16042871793208954,None, 
1005, ,0.1608727897152782,None, 
1006, ,0.16131809070325745,None, 
1007, ,0.16176462429850508,None, 
1008, ,0.1622123939129172,None, 
1009, ,0.16266140296783407,None, 
1010, ,0.16311165489406634,None, 
1011, ,0.16356315313192127,None, 
1012, ,0.16401590113122888,None, 
1013, ,0.16446990235136874,None, 
1014, ,0.16492516026129578,None, 
1015, ,0.1653816783395672,None, 
1016, ,0.16583946007436906,None, 
1017, ,0.16629850896354267,None, 
1018, ,0.16675882851461155,None, 
1019, ,0.16722042224480818,None, 
1020, ,0.16768329368110074,None, 
1021, ,0.16814744636022042,None, 
1022, ,0.16861288382868794,None, 
1023, ,0.16907960964284105,None, 
1024, ,0.16954762736886142,None, 
1025, ,0.17001694058280212,None, 
1026, ,0.17048755287061487,None, 
1027, ,0.17095946782817736,None, 
1028, ,0.1714326890613208,None, 
1029, ,0.17190722018585738,None, 
1030, ,0.1723830648276082,None, 
1031, ,0.17286022662243056,None, 
1032, ,0.17333870921624592,None, 
1033, ,0.17381851626506786,None, 
1034, ,0.17429965143502982,None, 
1035, ,0.1747821184024133,None, 
1036, ,0.17526592085367584,None, 
1037, ,0.17575106248547911,None, 
1038, ,0.17623754700471755,None, 
1039, ,0.17672537812854608,None, 
1040, ,0.17721455958440896,None, 
1041, ,0.17770509511006813,None, 
1042, ,0.17819698845363174,None, 
1043, ,0.17869024337358286,None, 
1044, ,0.17918486363880815,None, 
1045, ,0.17968085302862655,None, 
1046, ,0.18017821533281864,None, 
1047, ,0.1806769543516548,None, 
1048, ,0.1811770738959249,None, 
1049, ,0.1816785777869672,None, 
1050, ,0.18218146985669748,None, 
1051, ,0.1826857539476384,None, 
1052, ,0.1831914339129488,None, 
1053, ,0.1836985136164532,None, 
1054, ,0.18420699693267156,None, 
1055, ,0.18471688774684827,None, 
1056, ,0.1852281899549824,None, 
1057, ,0.1857409074638572,None, 
1058, ,0.18625504419107006,None, 
1059, ,0.1867706040650623,None, 
1060, ,0.1872875910251495,None, 
1061, ,0.18780600902155112,None, 
1062, ,0.18832586201542129,None, 
1063, ,0.1888471539788784,None, 
1064, ,0.18936988889503606,None, 
1065, ,0.18989407075803302,None, 
1066, ,0.1904197035730641,None, 
1067, ,0.1909467913564106,None, 
1068, ,0.19147533813547105,None, 
1069, ,0.19200534794879165,None, 
1070, ,0.19253682484609802,None, 
1071, ,0.19306977288832494,None, 
1072, ,0.1936041961476484,None, 
1073, ,0.19414009870751608,None, 
1074, ,0.1946774846626788,None, 
1075, ,0.1952163581192219,None, 
1076, ,0.1957567231945964,None, 
1077, ,0.19629858401765035,None, 
1078, ,0.19684194472866112,None, 
1079, ,0.19738680947936607,None, 
1080, ,0.1979331824329948,None, 
1081, ,0.19848106776430086,None, 
1082, ,0.19903046965959365,None, 
1083, ,0.19958139231677044,None, 
1084, ,0.2001338399453484,None, 
1085, ,0.20068781676649666,None, 
1086, ,0.201243327013069,None, 
1087, ,0.20180037492963554,None, 
1088, ,0.20235896477251566,None, 
1089, ,0.20291910080981032,None, 
1090, ,0.20348078732143474,None, 
1091, ,0.20404402859915108,None, 
1092, ,0.2046088289466012,None, 
1093, ,0.2051751926793396,None, 
1094, ,0.2057431241248664,None, 
1095, ,0.20631262762266045,None, 
1096, ,0.20688370752421226,None, 
1097, ,0.20745636819305732,None, 
1098, ,0.20803061400480996,None, 
1099, ,0.20860644934719574,None, 
1100, ,0.2091838786200862,None, 
1101, ,0.20976290623553126,None, 
1102, ,0.2103435366177941,None, 
1103, ,0.21092577420338407,None, 
1104, ,0.21150962344109095,None, 
1105, ,0.21209508879201905,None, 
1106, ,0.21268217472962087,None, 
1107, ,0.213270885739732,None, 
1108, ,0.21386122632060456,None, 
1109, ,0.21445320098294207,None, 
1110, ,0.21504681424993413,None, 
1111, ,0.2156420706572903,None, 
1112, ,0.21623897475327525,None, 
1113, ,0.2168375310987434,None, 
1114, ,0.21743774426717385,None, 
1115, ,0.218039618844705,None, 
1116, ,0.21864315943017007,None, 
1117, ,0.21924837063513175,None, 
1118, ,0.21985525708391812,None, 
1119, ,0.22046382341365708,None, 
1120, ,0.22107407427431247,None, 
1121, ,0.2216860143287193,None, 
1122, ,0.22229964825261944,None, 
1123, ,0.2229149807346975,None, 
1124, ,0.2235320164766164,None, 
1125, ,0.22415076019305333,None, 
1126, ,0.22477121661173616,None, 
1127, ,0.22539339047347895,None, 
1128, ,0.22601728653221875,None, 
1129, ,0.2266429095550513,None, 
1130, ,0.2272702643222681,None, 
1131, ,0.2278993556273926,None, 
1132, ,0.2285301882772169,None, 
1133, ,0.2291627670918381,None, 
1134, ,0.22979709690469616,None, 
1135, ,0.2304331825626096,None, 
1136, ,0.2310710289258133,None, 
1137, ,0.23171064086799545,None, 
1138, ,0.2323520232763345,None, 
1139, ,0.2329951810515372,None, 
1140, ,0.2336401191078752,None, 
1141, ,0.2342868423732232,None, 
1142, ,0.2349353557890965,None, 
1143, ,0.23558566431068856,None, 
1144, ,0.23623777290690895,None, 
1145, ,0.23689168656042145,None, 
1146, ,0.23754741026768175,None, 
1147, ,0.2382049490389763,None, 
1148, ,0.2388643078984598,None, 
1149, ,0.2395254918841941,None, 
1150, ,0.2401885060481867,None, 
1151, ,0.24085335545642916,None, 
1152, ,0.2415200451889357,None, 
1153, ,0.2421885803397823,None, 
1154, ,0.2428589660171455,None, 
1155, ,0.2435312073433415,None, 
1156, ,0.2442053094548651,None, 
1157, ,0.2448812775024292,None, 
1158, ,0.24555911665100374,None, 
1159, ,0.2462388320798561,None, 
1160, ,0.2469204289825895,None, 
1161, ,0.2476039125671833,None, 
1162, ,0.2482892880560328,None, 
1163, ,0.2489765606859889,None, 
1164, ,0.24966573570839865,None, 
1165, ,0.2503568183891446,None, 
1166, ,0.25104981400868537,None, 
1167, ,0.2517447278620967,None, 
1168, ,0.2524415652591105,None, 
1169, ,0.2531403315241567,None, 
1170, ,0.2538410319964031,None, 
1171, ,0.2545436720297967,None, 
1172, ,0.2552482569931043,None, 
1173, ,0.2559547922699536,None, 
1174, ,0.2566632832588743,None, 
1175, ,0.2573737353733397,None, 
1176, ,0.2580861540418074,None, 
1177, ,0.25880054470776137,None, 
1178, ,0.25951691282975325,None, 
1179, ,0.2602352638814441,None, 
1180, ,0.2609556033516462,None, 
1181, ,0.2616779367443652,None, 
1182, ,0.2624022695788417,None, 
1183, ,0.2631286073895942,None, 
1184, ,0.2638569557264606,None, 
1185, ,0.26458732015464104,None, 
1186, ,0.2653197062547401,None, 
1187, ,0.26605411962280995,None, 
1188, ,0.2667905658703927,None, 
1189, ,0.2675290506245632,None, 
1190, ,0.2682695795279725,None, 
1191, ,0.2690121582388906,None, 
1192, ,0.2697567924312497,None, 
1193, ,0.2705034877946878,None, 
1194, ,0.2712522500345917,None, 
1195, ,0.2720030848721411,None, 
1196, ,0.2727559980443521,None, 
1197, ,0.2735109953041209,None, 
1198, ,0.2742680824202681,None, 
1199, ,0.2750272651775825,None, 
1200, ,0.27578854937686537,None, 
1201, ,0.2765519408349748,None, 
1202, ,0.27731744538486996,None, 
1203, ,0.2780850688756562,None, 
1204, ,0.278854817172629,None, 
1205, ,0.2796266961573194,None, 
1206, ,0.28040071172753844,None, 
1207, ,0.28117686979742296,None, 
1208, ,0.2819551762974799,None, 
1209, ,0.2827356371746322,None, 
1210, ,0.28351825839226397,None, 
1211, ,0.28430304593026634,None, 
1212, ,0.2850900057850828,None, 
1213, ,0.2858791439697552,None, 
1214, ,0.2866704665139696,None, 
1215, ,0.28746397946410285,None, 
1216, ,0.28825968888326786,None, 
1217, ,0.2890576008513607,None, 
1218, ,0.28985772146510663,None, 
1219, ,0.29066005683810703,None, 
1220, ,0.2914646131008857,None, 
1221, ,0.2922713964009361,None, 
1222, ,0.29308041290276793,None, 
1223, ,0.2938916687879549,None, 
1224, ,0.2947051702551809,None, 
1225, ,0.29552092352028864,None, 
1226, ,0.29633893481632584,None, 
1227, ,0.2971592103935939,None, 
1228, ,0.29798175651969505,None, 
1229, ,0.2988065794795806,None, 
1230, ,0.2996336855755986,None, 
1231, ,0.3004630811275425,None, 
1232, ,0.30129477247269904,None, 
1233, ,0.3021287659658965,None, 
1234, ,0.3029650679795538,None, 
1235, ,0.3038036849037289,None, 
1236, ,0.3046446231461675,None, 
1237, ,0.3054878891323522,None, 
1238, ,0.30633348930555154,None, 
1239, ,0.3071814301268695,None, 
1240, ,0.3080317180752942,None, 
1241, ,0.30888435964774796,None, 
1242, ,0.3097393613591369,None, 
1243, ,0.31059672974240043,None, 
1244, ,0.31145647134856136,None, 
1245, ,0.3123185927467761,None, 
1246, ,0.3131831005243843,None, 
1247, ,0.3140500012869603,None, 
1248, ,0.31491930165836224,None, 
1249, ,0.31579100828078355,None, 
1250, ,0.3166651278148034,None, 
1251, ,0.3175416669394376,None, 
1252, ,0.3184206323521899,None, 
1253, ,0.31930203076910274,None, 
1254, ,0.3201858689248087,None, 
1255, ,0.32107215357258256,None, 
1256, ,0.32196089148439183,None, 
1257, ,0.3228520894509492,None, 
1258, ,0.32374575428176433,None, 
1259, ,0.3246418928051958,None, 
1260, ,0.3255405118685032,None, 
1261, ,0.3264416183378997,None, 
1262, ,0.3273452190986042,None, 
1263, ,0.3282513210548945,None, 
1264, ,0.3291599311301591,None, 
1265, ,0.330071056266951,None, 
1266, ,0.3309847034270404,None, 
1267, ,0.3319008795914677,None, 
1268, ,0.3328195917605973,None, 
1269, ,0.3337408469541707,None, 
1270, ,0.33466465221136,None, 
1271, ,0.33559101459082263,None, 
1272, ,0.3365199411707541,None, 
1273, ,0.3374514390489426,None, 
1274, ,0.3383855153428233,None, 
1275, ,0.3393221771895328,None, 
1276, ,0.3402614317459633,None, 
1277, ,0.3412032861888176,None, 
1278, ,0.3421477477146637,None, 
1279, ,0.3430948235399904,None, 
1280, ,0.3440445209012614,None, 
1281, ,0.3449968470549716,None, 
1282, ,0.34595180927770164,None, 
1283, ,0.34690941486617444,None, 
1284, ,0.3478696711373102,None, 
1285, ,0.3488325854282827,None, 
1286, ,0.34979816509657513,None, 
1287, ,0.3507664175200364,None, 
1288, ,0.351737350096938,None, 
1289, ,0.35271097024602954,None, 
1290, ,0.3536872854065961,None, 
1291, ,0.3546663030385151,None, 
1292, ,0.3556480306223129,None, 
1293, ,0.3566324756592223,None, 
1294, ,0.3576196456712398,None, 
1295, ,0.3586095482011829,None, 
1296, ,0.3596021908127482,None, 
1297, ,0.3605975810905685,None, 
1298, ,0.361595726640271,None, 
1299, ,0.362596635088536,None, 
1300, ,0.36360031408315424,None, 
1301, ,0.3646067712930861,None, 
1302, ,0.3656160144085195,None, 
1303, ,0.3666280511409294,None, 
1304, ,0.3676428892231365,None, 
1305, ,0.3686605364093657,None, 
1306, ,0.36968100047530617,None, 
1307, ,0.3707042892181704,None, 
1308, ,0.3717304104567536,None, 
1309, ,0.37275937203149395,None, 
1310, ,0.37379118180453214,None, 
1311, ,0.3748258476597712,None, 
1312, ,0.3758633775029376,None, 
1313, ,0.3769037792616409,None, 
1314, ,0.3779470608854341,None, 
1315, ,0.37899323034587545,None, 
1316, ,0.3800422956365884,None, 
1317, ,0.38109426477332303,None, 
1318, ,0.3821491457940172,None, 
1319, ,0.383206946758858,None, 
1320, ,0.3842676757503439,None, 
1321, ,0.3853313408733455,None, 
1322, ,0.3863979502551679,None, 
1323, ,0.387467512045613,None, 
1324, ,0.3885400344170416,None, 
1325, ,0.3896155255644358,None, 
1326, ,0.3906939937054617,None, 
1327, ,0.391775447080532,None, 
1328, ,0.3928598939528696,None, 
1329, ,0.3939473426085698,None, 
1330, ,0.3950378013566643,None, 
1331, ,0.3961312785291842,None, 
1332, ,0.3972277824812243,None, 
1333, ,0.3983273215910063,None, 
1334, ,0.3994299042599432,None, 
1335, ,0.4005355389127031,None, 
1336, ,0.4016442339972745,None, 
1337, ,0.4027559979850295,None, 
1338, ,0.40387083937078977,None, 
1339, ,0.4049887666728904,None, 
1340, ,0.4061097884332459,None, 
1341, ,0.407233913217415,None, 
1342, ,0.4083611496146659,None, 
1343, ,0.4094915062380423,None, 
1344, ,0.4106249917244296,None, 
1345, ,0.4117616147346197,None, 
1346, ,0.4129013839533779,None, 
1347, ,0.4140443080895096,None, 
1348, ,0.4151903958759261,None, 
1349, ,0.4163396560697118,None, 
1350, ,0.4174920974521911,None, 
1351, ,0.4186477288289949,None, 
1352, ,0.4198065590301293,None, 
1353, ,0.42096859691004135,None, 
1354, ,0.4221338513476876,None, 
1355, ,0.4233023312466021,None, 
1356, ,0.4244740455349639,None, 
1357, ,0.4256490031656658,None, 
1358, ,0.4268272131163821,None, 
1359, ,0.4280086843896378,None, 
1360, ,0.4291934260128776,None, 
1361, ,0.4303814470385338,None, 
1362, ,0.4315727565440965,None, 
1363, ,0.4327673636321822,None, 
1364, ,0.4339652774306042,None, 
1365, ,0.4351665070924416,None, 
1366, ,0.4363710617961096,None, 
1367, ,0.4375789507454293,None, 
1368, ,0.4387901831696989,None, 
1369, ,0.44000476832376295,None, 
1370, ,0.44122271548808395,None, 
1371, ,0.4424440339688131,None, 
1372, ,0.4436687330978612,None, 
1373, ,0.4448968222329697,None, 
1374, ,0.4461283107577837,None, 
1375, ,0.4473632080819209,None, 
1376, ,0.4486015236410471,None, 
1377, ,0.4498432668969444,None, 
1378, ,0.4510884473375866,None, 
1379, ,0.4523370744772101,None, 
1380, ,0.453589157856387,None, 
1381, ,0.4548447070420983,None, 
1382, ,0.4561037316278063,None, 
1383, ,0.4573662412335282,None, 
1384, ,0.4586322455059108,None, 
1385, ,0.4599017541183018,None, 
1386, ,0.4611747767708256,None, 
1387, ,0.462451323190457,None, 
1388, ,0.463731403131095,None, 
1389, ,0.4650150263736379,None, 
1390, ,0.4663022027260582,None, 
1391, ,0.4675929420234761,None, 
1392, ,0.4688872541282371,None, 
1393, ,0.4701851489299852,None, 
1394, ,0.4714866363457392,None, 
1395, ,0.4727917263199688,None, 
1396, ,0.4741004288246702,None, 
1397, ,0.4754127538594424,None, 
1398, ,0.4767287114515635,None, 
1399, ,0.4780483116560675,None, 
1400, ,0.4793715645558214,None, 
1401, ,0.4806984802616015,None, 
1402, ,0.4820290689121709,None, 
1403, ,0.4833633406743576,None, 
1404, ,0.4847013057431314,None, 
1405, ,0.486042974341682,None, 
1406, ,0.4873883567214976,None, 
1407, ,0.4887374631624422,None, 
1408, ,0.4900903039728358,None, 
1409, ,0.4914468894895313,None, 
1410, ,0.4928072300779945,None, 
1411, ,0.4941713361323834,None, 
1412, ,0.495539218075627,None, 
1413, ,0.4969108863595056,None, 
1414, ,0.4982863514647303,None, 
1415, ,0.4996656239010231,None, 
1416, ,0.5010487142071969,None, 
1417, ,0.5024356329512373,None, 
1418, ,0.5038263907303815,None, 
1419, ,0.5052209981712005,None, 
1420, ,0.5066194659296801,None, 
1421, ,0.508021804691302,None, 
1422, ,0.5094280251711258,None, 
1423, ,0.5108381381138709,None, 
1424, ,0.5122521542939976,None, 
1425, ,0.5136700845157915,None, 
1426, ,0.5150919396134441,None, 
1427, ,0.5165177304511361,None, 
1428, ,0.517947467923121,None, 
1429, ,0.5193811629538077,None, 
1430, ,0.5208188264978444,None, 
1431, ,0.5222604695402018,None, 
1432, ,0.5237061030962575,None, 
1433, ,0.5251557382118806,None, 
1434, ,0.5266093859635146,None, 
1435, ,0.5280670574582634,None, 
1436, ,0.5295287638339757,None, 
1437, ,0.53099451625933,None, 
1438, ,0.5324643259339202,None, 
1439, ,0.5339382040883409,None, 
1440, ,0.5354161619842731,None, 
1441, ,0.5368982109145715,None, 
1442, ,0.5383843622033486,None, 
1443, ,0.5398746272060629,None, 
1444, ,0.5413690173096055,None, 
1445, ,0.5428675439323859,None, 
1446, ,0.544370218524421,None, 
1447, ,0.5458770525674211,None, 
1448, ,0.5473880575748784,None, 
1449, ,0.5489032450921555,None, 
1450, ,0.5504226266965718,None, 
1451, ,0.5519462139974939,None, 
1452, ,0.553474018636423,None, 
1453, ,0.5550060522870847,None, 
1454, ,0.5565423266555176,None, 
1455, ,0.5580828534801633,None, 
1456, ,0.559627644531955,None, 
1457, ,0.5611767116144095,None, 
1458, ,0.5627300665637149,None, 
1459, ,0.5642877212488233,None, 
1460, ,0.5658496875715393,None, 
1461, ,0.5674159774666129,None, 
1462, ,0.5689866029018296,None, 
1463, ,0.5705615758781021,None, 
1464, ,0.5721409084295617,None, 
1465, ,0.5737246126236515,None, 
1466, ,0.5753127005612167,None, 
1467, ,0.5769051843765985,None, 
1468, ,0.5785020762377262,None, 
1469, ,0.5801033883462103,None, 
1470, ,0.5817091329374358,None, 
1471, ,0.5833193222806555,None, 
1472, ,0.5849339686790839,None, 
1473, ,0.5865530844699918,None, 
1474, ,0.5881766820247989,None, 
1475, ,0.5898047737491704,None, 
1476, ,0.5914373720831099,None, 
1477, ,0.5930744895010559,None, 
1478, ,0.5947161385119762,None, 
1479, ,0.5963623316594643,None, 
1480, ,0.5980130815218339,None, 
1481, ,0.5996684007122169,None, 
1482, ,0.6013283018786584,None, 
1483, ,0.6029927977042131,None, 
1484, ,0.6046619009070435,None, 
1485, ,0.6063356242405162,None, 
1486, ,0.6080139804932994,None, 
1487, ,0.6096969824894606,None, 
1488, ,0.6113846430885648,None, 
1489, ,0.6130769751857734,None, 
1490, ,0.6147739917119412,None, 
1491, ,0.6164757056337161,None, 
1492, ,0.6181821299536383,None, 
1493, ,0.6198932777102394,None, 
1494, ,0.6216091619781421,None, 
1495, ,0.6233297958681596,None, 
1496, ,0.6250551925273969,None, 
1497, ,0.6267853651393509,None, 
1498, ,0.6285203269240097,None, 
1499, ,0.6302600911379556,None, 
1500, ,0.6320046710744652,None, 
1501, ,0.6337540800636114,None, 
1502, ,0.6355083314723653,None, 
1503, ,0.6372674387046979,None, 
1504, ,0.6390314152016828,None, 
1505, ,0.6408002744415996,None, 
1506, ,0.6425740299400355,None, 
1507, ,0.6443526952499895,None, 
1508, ,0.6461362839619756,None, 
1509, ,0.6479248097041271,None, 
1510, ,0.6497182861423001,None, 
1511, ,0.6515167269801782,None, 
1512, ,0.653320145959377,None, 
1513, ,0.6551285568595506,None, 
1514, ,0.6569419734984941,None, 
1515, ,0.6587604097322516,None, 
1516, ,0.6605838794552206,None, 
1517, ,0.6624123966002591,None, 
1518, ,0.6642459751387915,None, 
1519, ,0.6660846290809157,None, 
1520, ,0.6679283724755097,None, 
1521, ,0.6697772194103401,None, 
1522, ,0.6716311840121678,None, 
1523, ,0.6734902804468575,None, 
1524, ,0.6753545229194856,None, 
1525, ,0.6772239256744483,None, 
1526, ,0.6790985029955711,None, 
1527, ,0.6809782692062171,None, 
1528, ,0.6828632386693969,None, 
1529, ,0.6847534257878795,None, 
1530, ,0.6866488450042998,None, 
1531, ,0.6885495108012712,None, 
1532, ,0.6904554377014952,None, 
1533, ,0.6923666402678724,None, 
1534, ,0.6942831331036142,None, 
1535, ,0.6962049308523542,None, 
1536, ,0.69813204819826,None, 
1537, ,0.7000644998661448,None, 
1538, ,0.7020023006215822,None, 
1539, ,0.7039454652710156,None, 
1540, ,0.7058940086618741,None, 
1541, ,0.7078479456826846,None, 
1542, ,0.7098072912631861,None, 
1543, ,0.7117720603744432,None, 
1544, ,0.7137422680289615,None, 
1545, ,0.7157179292808008,None, 
1546, ,0.7176990592256923,None, 
1547, ,0.7196856730011517,None, 
1548, ,0.7216777857865961,None, 
1549, ,0.7236754128034595,None, 
1550, ,0.7256785693153096,None, 
1551, ,0.7276872706279641,None, 
1552, ,0.7297015320896073,None, 
1553, ,0.731721369090908,None, 
1554, ,0.7337467970651377,None, 
1555, ,0.7357778314882865,None, 
1556, ,0.7378144878791827,None, 
1557, ,0.7398567817996119,None, 
1558, ,0.7419047288544344,None, 
1559, ,0.7439583446917059,None, 
1560, ,0.7460176450027959,None, 
1561, ,0.7480826455225082,None, 
1562, ,0.7501533620292019,None, 
1563, ,0.7522298103449099,None, 
1564, ,0.7543120063354615,None, 
1565, ,0.7563999659106032,None, 
1566, ,0.7584937050241201,None, 
1567, ,0.7605932396739575,None, 
1568, ,0.7626985859023444,None, 
1569, ,0.7648097597959139,None, 
1570, ,0.7669267774858293,None, 
1571, ,0.7690496551479037,None, 
1572, ,0.7711784090027262,None, 
1573, ,0.7733130553157846,None, 
1574, ,0.7754536103975906,None, 
1575, ,0.7776000906038036,None, 
1576, ,0.7797525123353559,None, 
1577, ,0.7819108920385778,None, 
1578, ,0.7840752462053249,None, 
1579, ,0.7862455913731015,None, 
1580, ,0.7884219441251884,None, 
1581, ,0.7906043210907697,None, 
1582, ,0.7927927389450597,None, 
1583, ,0.7949872144094301,None, 
1584, ,0.7971877642515377,None, 
1585, ,0.7993944052854526,None, 
1586, ,0.8016071543717878,None, 
1587, ,0.8038260284178258,None, 
1588, ,0.8060510443776496,None, 
1589, ,0.8082822192522714,None, 
1590, ,0.8105195700897629,None, 
1591, ,0.8127631139853854,None, 
1592, ,0.8150128680817202,None, 
1593, ,0.8172688495687997,None, 
1594, ,0.81953107568424,None, 
1595, ,0.8217995637133699,None, 
1596, ,0.8240743309893657,None, 
1597, ,0.8263553948933817,None, 
1598, ,0.8286427728546842,None, 
1599, ,0.8309364823507842,None, 
1600, ,0.8332365409075708,None, 
1601, ,0.8355429660994456,None, 
1602, ,0.8378557755494569,None, 
1603, ,0.8401749869294335,None, 
1604, ,0.842500617960121,None, 
1605, ,0.8448326864113159,None, 
1606, ,0.8471712101020031,None, 
1607, ,0.8495162069004899,None, 
1608, ,0.8518676947245444,None, 
1609, ,0.8542256915415308,None, 
1610, ,0.8565902153685491,None, 
1611, ,0.8589612842725698,None, 
1612, ,0.8613389163705736,None, 
1613, ,0.86372312982969,None, 
1614, ,0.8661139428673353,None, 
1615, ,0.8685113737513525,None, 
1616, ,0.8709154408001503,None, 
1617, ,0.8733261623828429,None, 
1618, ,0.8757435569193923,None, 
1619, ,0.8781676428807462,None, 
1620, ,0.8805984387889807,None, 
1621, ,0.8830359632174419,None, 
1622, ,0.8854802347908873,None, 
1623, ,0.8879312721856283,None, 
1624, ,0.8903890941296729,None, 
1625, ,0.8928537194028688,None, 
1626, ,0.8953251668370478,None, 
1627, ,0.8978034553161673,None, 
1628, ,0.900288603776457,None, 
1629, ,0.9027806312065628,None, 
1630, ,0.905279556647691,None, 
1631, ,0.9077853991937552,None, 
1632, ,0.9102981779915218,None, 
1633, ,0.9128179122407548,None, 
1634, ,0.9153446211943654,None, 
1635, ,0.9178783241585567,None, 
1636, ,0.9204190404929716,None, 
1637, ,0.922966789610842,None, 
1638, ,0.9255215909791348,None, 
1639, ,0.928083464118704,None, 
1640, ,0.9306524286044364,None, 
1641, ,0.9332285040654028,None, 
1642, ,0.9358117101850092,None, 
1643, ,0.938402066701145,None, 
1644, ,0.9409995934063344,None, 
1645, ,0.9436043101478884,None, 
1646, ,0.946216236828056,None, 
1647, ,0.9488353934041758,None, 
1648, ,0.9514617998888296,None, 
1649, ,0.9540954763499934,None, 
1650, ,0.9567364429111944,None, 
1651, ,0.95938471975166,None, 
1652, ,0.9620403271064756,None, 
1653, ,0.9647032852667372,None, 
1654, ,0.967373614579708,None, 
1655, ,0.9700513354489724,None, 
1656, ,0.9727364683345928,None, 
1657, ,0.9754290337532652,None, 
1658, ,0.978129052278478,None, 
1659, ,0.9808365445406666,None, 
1660, ,0.9835515312273716,None, 
1661, ,0.9862740330833982,None, 
1662, ,0.9890040709109736,None, 
1663, ,0.9917416655699062,None, 
1664, ,0.994486837977745,None, 
1665, ,0.9972396091099396,None, 
1666, ,0.9999999999999994,None, 
1667, ,1.0027680317396577,None, 
1668, ,1.0055437254790278,None, 
1669, ,1.0083271024267673,None, 
1670, ,1.0111181838502414,None, 
1671, ,1.013916991075685,None, 
1672, ,1.0167235454883603,None, 
1673, ,1.01953786853273,None, 
1674, ,1.0223599817126114,None, 
1675, ,1.0251899065913488,None, 
1676, ,1.0280276647919702,None, 
1677, ,1.0308732779973613,None, 
1678, ,1.0337267679504227,None, 
1679, ,1.0365881564542432,None, 
1680, ,1.0394574653722626,None, 
1681, ,1.0423347166284371,None, 
1682, ,1.0452199322074125,None, 
1683, ,1.0481131341546852,None, 
1684, ,1.0510143445767783,None, 
1685, ,1.0539235856414022,None, 
1686, ,1.0568408795776314,None, 
1687, ,1.0597662486760708,None, 
1688, ,1.0626997152890238,None, 
1689, ,1.06564130183067,None, 
1690, ,1.0685910307772273,None, 
1691, ,1.071548924667133,None, 
1692, ,1.0745150061012076,None, 
1693, ,1.0774892977428352,None, 
1694, ,1.0804718223181284,None, 
1695, ,1.0834626026161107,None, 
1696, ,1.0864616614888851,None, 
1697, ,1.0894690218518075,None, 
1698, ,1.0924847066836678,None, 
1699, ,1.0955087390268587,None, 
1700, ,1.0985411419875584,None, 
1701, ,1.1015819387358996,None, 
1702, ,1.1046311525061538,None, 
1703, ,1.1076888065969066,None, 
1704, ,1.1107549243712302,None, 
1705, ,1.1138295292568716,None, 
1706, ,1.1169126447464226,None, 
1707, ,1.1200042943975066,None, 
1708, ,1.1231045018329515,None, 
1709, ,1.1262132907409783,None, 
1710, ,1.1293306848753737,None, 
1711, ,1.132456708055678,None, 
1712, ,1.1355913841673653,None, 
1713, ,1.138734737162022,None, 
1714, ,1.1418867910575383,None, 
1715, ,1.1450475699382812,None, 
1716, ,1.1482170979552893,None, 
1717, ,1.151395399326447,None, 
1718, ,1.154582498336678,None, 
1719, ,1.1577784193381284,None, 
1720, ,1.1609831867503468,None, 
1721, ,1.1641968250604815,None, 
1722, ,1.1674193588234576,None, 
1723, ,1.1706508126621726,None, 
1724, ,1.1738912112676774,None, 
1725, ,1.1771405793993726,None, 
1726, ,1.1803989418851888,None, 
1727, ,1.1836663236217853,None, 
1728, ,1.1869427495747351,None, 
1729, ,1.1902282447787145,None, 
1730, ,1.1935228343377,None, 
1731, ,1.1968265434251526,None, 
1732, ,1.2001393972842194,None, 
1733, ,1.2034614212279156,None, 
1734, ,1.2067926406393277,None, 
1735, ,1.2101330809718036,None, 
1736, ,1.213482767749143,None, 
1737, ,1.2168417265658014,None, 
1738, ,1.2202099830870752,None, 
1739, ,1.2235875630493085,None, 
1740, ,1.2269744922600792,None, 
1741, ,1.2303707965984063,None, 
1742, ,1.2337765020149385,None, 
1743, ,1.2371916345321594,None, 
1744, ,1.2406162202445843,None, 
1745, ,1.2440502853189557,None, 
1746, ,1.2474938559944495,None, 
1747, ,1.25094695858287,None, 
1748, ,1.2544096194688563,None, 
1749, ,1.2578818651100778,None, 
1750, ,1.2613637220374423,None, 
1751, ,1.2648552168552958,None, 
1752, ,1.2683563762416226,None, 
1753, ,1.2718672269482578,None, 
1754, ,1.2753877958010806,None, 
1755, ,1.2789181097002311,None, 
1756, ,1.2824581956203045,None, 
1757, ,1.2860080806105665,None, 
1758, ,1.2895677917951525,None, 
1759, ,1.2931373563732815,None, 
1760, ,1.2967168016194608,None, 
1761, ,1.3003061548836907,None, 
1762, ,1.303905443591682,None, 
1763, ,1.3075146952450558,None, 
1764, ,1.3111339374215645,None, 
1765, ,1.3147631977752894,None, 
1766, ,1.318402504036865,None, 
1767, ,1.3220518840136843,None, 
1768, ,1.3257113655901078,None, 
1769, ,1.3293809767276876,None, 
1770, ,1.333060745465367,None, 
1771, ,1.336750699919708,None, 
1772, ,1.3404508682850949,None, 
1773, ,1.344161278833961,None, 
1774, ,1.3478819599169918,None, 
1775, ,1.351612939963354,None, 
1776, ,1.3553542474809055,None, 
1777, ,1.3591059110564123,None, 
1778, ,1.3628679593557742,None, 
1779, ,1.3666404211242331,None, 
1780, ,1.3704233251866054,None, 
1781, ,1.3742167004474888,None, 
1782, ,1.3780205758914947,None, 
1783, ,1.381834980583465,None, 
1784, ,1.385659943668689,None, 
1785, ,1.3894954943731377,None, 
1786, ,1.3933416620036734,None, 
1787, ,1.397198475948288,None, 
1788, ,1.401065965676314,None, 
1789, ,1.4049441607386617,None, 
1790, ,1.4088330907680324,None, 
1791, ,1.4127327854791585,None, 
1792, ,1.4166432746690207,None, 
1793, ,1.420564588217077,None, 
1794, ,1.4244967560854966,None, 
1795, ,1.4284398083193806,None, 
1796, ,1.4323937750470004,None, 
1797, ,1.4363586864800182,None, 
1798, ,1.4403345729137291,None, 
1799, ,1.4443214647272804,None, 
1800, ,1.4483193923839142,None, 
1801, ,1.4523283864311958,None, 
1802, ,1.456348477501243,None, 
1803, ,1.4603796963109696,None, 
1804, ,1.46442207366231,None, 
1805, ,1.4684756404424637,None, 
1806, ,1.4725404276241223,None, 
1807, ,1.4766164662657146,None, 
1808, ,1.480703787511641,None, 
1809, ,1.484802422592504,None, 
1810, ,1.4889124028253617,None, 
1811, ,1.4930337596139522,None, 
1812, ,1.4971665244489454,None, 
1813, ,1.5013107289081726,None, 
1814, ,1.5054664046568804,None, 
1815, ,1.5096335834479588,None, 
1816, ,1.5138122971221957,None, 
1817, ,1.518002577608515,None, 
1818, ,1.5222044569242177,None, 
1819, ,1.5264179671752334,None, 
1820, ,1.530643140556358,None, 
1821, ,1.5348800093515085,None, 
1822, ,1.5391286059339593,None, 
1823, ,1.543388962766599,None, 
1824, ,1.547661112402176,None, 
1825, ,1.5519450874835388,None, 
1826, ,1.5562409207439003,None, 
1827, ,1.5605486450070734,None, 
1828, ,1.5648682931877342,None, 
1829, ,1.5691998982916613,None, 
1830, ,1.5735434934160015,None, 
1831, ,1.5778991117495087,None, 
1832, ,1.5822667865728086,None, 
1833, ,1.5866465512586496,None, 
1834, ,1.5910384392721515,None, 
1835, ,1.5954424841710737,None, 
1836, ,1.5998587196060574,None, 
1837, ,1.6042871793208964,None, 
1838, ,1.6087278971527823,None, 
1839, ,1.6131809070325736,None, 
1840, ,1.6176462429850509,None, 
1841, ,1.6221239391291713,None, 
1842, ,1.626614029678341,None, 
1843, ,1.6311165489406625,None, 
1844, ,1.635631531319213,None, 
1845, ,1.6401590113122888,None, 
1846, ,1.6446990235136882,None, 
1847, ,1.6492516026129578,None, 
1848, ,1.6538167833956714,None, 
1849, ,1.6583946007436905,None, 
1850, ,1.6629850896354257,None, 
1851, ,1.6675882851461157,None, 
1852, ,1.672204222448081,None, 
1853, ,1.6768329368110082,None, 
1854, ,1.6814744636022043,None, 
1855, ,1.6861288382868789,None, 
1856, ,1.6907960964284103,None, 
1857, ,1.695476273688613,None, 
1858, ,1.7001694058280212,None, 
1859, ,1.7048755287061483,None, 
1860, ,1.7095946782817737,None, 
1861, ,1.7143268906132072,None, 
1862, ,1.719072201858575,None, 
1863, ,1.723830648276082,None, 
1864, ,1.7286022662243046,None, 
1865, ,1.7333870921624592,None, 
1866, ,1.7381851626506777,None, 
1867, ,1.742996514350298,None, 
1868, ,1.747821184024132,None, 
1869, ,1.7526592085367585,None, 
1870, ,1.7575106248547911,None, 
1871, ,1.7623754700471743,None, 
1872, ,1.7672537812854607,None, 
1873, ,1.7721455958440886,None, 
1874, ,1.7770509511006811,None, 
1875, ,1.7819698845363163,None, 
1876, ,1.7869024337358286,None, 
1877, ,1.7918486363880806,None, 
1878, ,1.7968085302862666,None, 
1879, ,1.8017821533281864,None, 
1880, ,1.8067695435165472,None, 
1881, ,1.8117707389592492,None, 
1882, ,1.8167857778696712,None, 
1883, ,1.8218146985669748,None, 
1884, ,1.8268575394763829,None, 
1885, ,1.831914339129488,None, 
1886, ,1.836985136164532,None, 
1887, ,1.8420699693267144,None, 
1888, ,1.847168877468483,None, 
1889, ,1.8522818995498231,None, 
1890, ,1.857409074638572,None, 
1891, ,1.8625504419106995,None, 
1892, ,1.8677060406506232,None, 
1893, ,1.872875910251494,None, 
1894, ,1.878060090215512,None, 
1895, ,1.8832586201542123,None, 
1896, ,1.8884715397887832,None, 
1897, ,1.8936988889503603,None, 
1898, ,1.8989407075803293,None, 
1899, ,1.9041970357306408,None, 
1900, ,1.909467913564105,None, 
1901, ,1.9147533813547104,None, 
1902, ,1.9200534794879165,None, 
1903, ,1.9253682484609789,None, 
1904, ,1.9306977288832496,None, 
1905, ,1.936041961476483,None, 
1906, ,1.9414009870751607,None, 
1907, ,1.9467748466267871,None, 
1908, ,1.9521635811922189,None, 
1909, ,1.9575672319459625,None, 
1910, ,1.9629858401765048,None, 
1911, ,1.9684194472866112,None, 
1912, ,1.97386809479366,None, 
1913, ,1.979331824329948,None, 
1914, ,1.9848106776430077,None, 
1915, ,1.9903046965959363,None, 
1916, ,1.9958139231677032,None, 
1917, ,2.001338399453484,None, 
1918, ,2.0068781676649663,None, 
1919, ,2.0124332701306886,None, 
1920, ,2.0180037492963554,None, 
1921, ,2.023589647725156,None, 
1922, ,2.029191008098103,None, 
1923, ,2.0348078732143464,None, 
1924, ,2.0404402859915107,None, 
1925, ,2.046088289466011,None, 
1926, ,2.051751926793397,None, 
1927, ,2.0574312412486644,None, 
1928, ,2.0631262762266034,None, 
1929, ,2.0688370752421217,None, 
1930, ,2.0745636819305724,None, 
1931, ,2.080306140048099,None, 
1932, ,2.0860644934719565,None, 
1933, ,2.091838786200862,None, 
1934, ,2.0976290623553124,None, 
1935, ,2.103435366177942,None, 
1936, ,2.1092577420338405,None, 
1937, ,2.1150962344109088,None, 
1938, ,2.1209508879201904,None, 
1939, ,2.126821747296208,None, 
1940, ,2.1327088573973203,None, 
1941, ,2.1386122632060447,None, 
1942, ,2.144532009829422,None, 
1943, ,2.1504681424993413,None, 
1944, ,2.1564207065729017,None, 
1945, ,2.1623897475327523,None, 
1946, ,2.1683753109874333,None, 
1947, ,2.174377442671738,None, 
1948, ,2.180396188447049,None, 
1949, ,2.186431594301701,None, 
1950, ,2.192483706351318,None, 
1951, ,2.1985525708391824,None, 
1952, ,2.2046382341365707,None, 
1953, ,2.210740742743124,None, 
1954, ,2.2168601432871933,None, 
1955, ,2.2229964825261934,None, 
1956, ,2.229149807346975,None, 
1957, ,2.235320164766163,None, 
1958, ,2.241507601930534,None, 
1959, ,2.2477121661173616,None, 
1960, ,2.2539339047347893,None, 
1961, ,2.260172865322187,None, 
1962, ,2.2664290955505115,None, 
1963, ,2.272702643222681,None, 
1964, ,2.2789935562739245,None, 
1965, ,2.2853018827721683,None, 
1966, ,2.291627670918381,None, 
1967, ,2.2979709690469625,None, 
1968, ,2.3043318256260963,None, 
1969, ,2.3107102892581324,None, 
1970, ,2.317106408679954,None, 
1971, ,2.3235202327633444,None, 
1972, ,2.329951810515372,None, 
1973, ,2.336401191078751,None, 
1974, ,2.342868423732233,None, 
1975, ,2.349353557890965,None, 
1976, ,2.3558566431068844,None, 
1977, ,2.36237772906909,None, 
1978, ,2.3689168656042128,None, 
1979, ,2.3754741026768182,None, 
1980, ,2.382049490389761,None, 
1981, ,2.388643078984598,None, 
1982, ,2.3952549188419407,None, 
1983, ,2.4018850604818685,None, 
1984, ,2.4085335545642907,None, 
1985, ,2.4152004518893557,None, 
1986, ,2.4218858033978226,None, 
1987, ,2.428589660171454,None, 
1988, ,2.435312073433415,None, 
1989, ,2.44205309454865,None, 
1990, ,2.448812775024292,None, 
1991, ,2.4555911665100383,None, 
1992, ,2.46238832079856,None, 
1993, ,2.4692042898258952,None, 
1994, ,2.476039125671832,None, 
1995, ,2.4828928805603274,None, 
1996, ,2.4897656068598883,None, 
1997, ,2.4966573570839867,None, 
1998, ,2.5035681838914443,None, 
1999, ,2.510498140086855,None, 
2000, ,2.5174472786209665,None, 
2001, ,2.524415652591104,None, 
2002, ,2.5314033152415667,None, 
2003, ,2.5384103199640298,None, 
2004, ,2.545436720297967,None, 
2005, ,2.5524825699310414,None, 
2006, ,2.559547922699536,None, 
2007, ,2.566632832588742,None, 
2008, ,2.5737373537333954,None, 
2009, ,2.580861540418074,None, 
2010, ,2.5880054470776126,None, 
2011, ,2.5951691282975324,None, 
2012, ,2.60235263881444,None, 
2013, ,2.609556033516462,None, 
2014, ,2.6167793674436504,None, 
2015, ,2.624022695788418,None, 
2016, ,2.631286073895942,None, 
2017, ,2.6385695572646046,None, 
2018, ,2.6458732015464097,None, 
2019, ,2.6531970625473997,None, 
2020, ,2.6605411962281,None, 
2021, ,2.6679056587039254,None, 
2022, ,2.6752905062456325,None, 
2023, ,2.682695795279725,None, 
2024, ,2.6901215823889046,None, 
2025, ,2.697567924312497,None, 
2026, ,2.7050348779468765,None, 
2027, ,2.712522500345917,None, 
2028, ,2.720030848721409,None, 
2029, ,2.7275599804435204,None, 
2030, ,2.735109953041208,None, 
2031, ,2.7426808242026817,None, 
2032, ,2.750272651775825,None, 
2033, ,2.757885493768653,None, 
2034, ,2.765519408349748,None, 
2035, ,2.7731744538486987,None, 
2036, ,2.780850688756562,None, 
2037, ,2.7885481717262888,None, 
2038, ,2.7962669615731937,None, 
2039, ,2.804007117275384,None, 
2040, ,2.8117686979742285,None, 
2041, ,2.8195517629747986,None, 
2042, ,2.8273563717463204,None, 
2043, ,2.83518258392264,None, 
2044, ,2.8430304593026623,None, 
2045, ,2.8509000578508283,None, 
2046, ,2.8587914396975505,None, 
2047, ,2.866704665139697,None, 
2048, ,2.8746397946410283,None, 
2049, ,2.882596888832677,None, 
2050, ,2.890576008513607,None, 
2051, ,2.898577214651065,None, 
2052, ,2.9066005683810703,None, 
2053, ,2.914646131008856,None, 
2054, ,2.922713964009361,None, 
2055, ,2.930804129027679,None, 
2056, ,2.93891668787955,None, 
2057, ,2.9470517025518097,None, 
2058, ,2.9552092352028847,None, 
2059, ,2.9633893481632585,None, 
2060, ,2.971592103935937,None, 
2061, ,2.9798175651969507,None, 
2062, ,2.9880657947958054,None, 
2063, ,2.996336855755988,None, 
2064, ,3.0046308112754256,None, 
2065, ,3.0129477247269887,None, 
2066, ,3.0212876596589653,None, 
2067, ,3.029650679795537,None, 
2068, ,3.0380368490372884,None, 
2069, ,3.0464462314616734,None, 
2070, ,3.0548788913235216,None, 
2071, ,3.0633348930555155,None, 
2072, ,3.0718143012686965,None, 
2073, ,3.080317180752942,None, 
2074, ,3.0888435964774787,None, 
2075, ,3.0973936135913687,None, 
2076, ,3.1059672974240025,None, 
2077, ,3.1145647134856143,None, 
2078, ,3.1231859274677585,None, 
2079, ,3.1318310052438445,None, 
2080, ,3.140500012869603,None, 
2081, ,3.149193016583621,None, 
2082, ,3.1579100828078355,None, 
2083, ,3.166651278148032,None, 
2084, ,3.175416669394376,None, 
2085, ,3.1842063235218974,None, 
2086, ,3.193020307691027,None, 
2087, ,3.2018586892480867,None, 
2088, ,3.2107215357258267,None, 
2089, ,3.219608914843918,None, 
2090, ,3.22852089450949,None, 
2091, ,3.2374575428176438,None, 
2092, ,3.2464189280519564,None, 
2093, ,3.2554051186850317,None, 
2094, ,3.264416183378996,None, 
2095, ,3.273452190986044,None, 
2096, ,3.2825132105489447,None, 
2097, ,3.291599311301589,None, 
2098, ,3.3007105626695097,None, 
2099, ,3.3098470342704016,None, 
2100, ,3.3190087959146766,None, 
2101, ,3.328195917605972,None, 
2102, ,3.3374084695417072,None, 
2103, ,3.3466465221136006,None, 
2104, ,3.3559101459082283,None, 
2105, ,3.3651994117075406,None, 
2106, ,3.374514390489424,None, 
2107, ,3.3838551534282333,None, 
2108, ,3.3932217718953264,None, 
2109, ,3.4026143174596335,None, 
2110, ,3.4120328618881737,None, 
2111, ,3.4214774771466385,None, 
2112, ,3.4309482353999035,None, 
2113, ,3.4404452090126125,None, 
2114, ,3.4499684705497162,None, 
2115, ,3.459518092777015,None, 
2116, ,3.4690941486617453,None, 
2117, ,3.4786967113731007,None, 
2118, ,3.488325854282827,None, 
2119, ,3.497981650965749,None, 
2120, ,3.5076641752003663,None, 
2121, ,3.5173735009693803,None, 
2122, ,3.5271097024602938,None, 
2123, ,3.5368728540659613,None, 
2124, ,3.5466630303851487,None, 
2125, ,3.5564803062231287,None, 
2126, ,3.566324756592221,None, 
2127, ,3.576196456712398,None, 
2128, ,3.5860954820118285,None, 
2129, ,3.5960219081274802,None, 
2130, ,3.605975810905684,None, 
2131, ,3.615957266402708,None, 
2132, ,3.6259663508853595,None, 
2133, ,3.6360031408315407,None, 
2134, ,3.646067712930861,None, 
2135, ,3.6561601440851934,None, 
2136, ,3.6662805114092962,None, 
2137, ,3.6764288922313653,None, 
2138, ,3.686605364093655,None, 
2139, ,3.6968100047530617,None, 
2140, ,3.707042892181701,None, 
2141, ,3.717304104567536,None, 
2142, ,3.7275937203149376,None, 
2143, ,3.7379118180453217,None, 
2144, ,3.748258476597712,None, 
2145, ,3.758633775029375,None, 
2146, ,3.769037792616409,None, 
2147, ,3.7794706088543393,None, 
2148, ,3.789932303458755,None, 
2149, ,3.8004229563658813,None, 
2150, ,3.8109426477332295,None, 
2151, ,3.821491457940169,None, 
2152, ,3.8320694675885822,None, 
2153, ,3.84267675750344,None, 
2154, ,3.853313408733453,None, 
2155, ,3.8639795025516785,None, 
2156, ,3.874675120456128,None, 
2157, ,3.885400344170416,None, 
2158, ,3.896155255644356,None, 
2159, ,3.906939937054617,None, 
2160, ,3.91775447080532,None, 
2161, ,3.9285989395286935,None, 
2162, ,3.939473426085698,None, 
2163, ,3.95037801356664,None, 
2164, ,3.9613127852918417,None, 
2165, ,3.972277824812241,None, 
2166, ,3.9832732159100632,None, 
2167, ,3.99429904259943,None, 
2168, ,4.0053553891270335,None, 
2169, ,4.016442339972746,None, 
2170, ,4.0275599798502935,None, 
2171, ,4.038708393707897,None, 
2172, ,4.049887666728901,None, 
2173, ,4.061097884332459,None, 
2174, ,4.072339132174148,None, 
2175, ,4.083611496146658,None, 
2176, ,4.094915062380424,None, 
2177, ,4.106249917244298,None, 
2178, ,4.1176161473461965,None, 
2179, ,4.129013839533776,None, 
2180, ,4.140443080895095,None, 
2181, ,4.1519039587592586,None, 
2182, ,4.163396560697118,None, 
2183, ,4.174920974521909,None, 
2184, ,4.186477288289951,None, 
2185, ,4.198065590301293,None, 
2186, ,4.209685969100411,None, 
2187, ,4.221338513476876,None, 
2188, ,4.233023312466019,None, 
2189, ,4.244740455349638,None, 
2190, ,4.256490031656655,None, 
2191, ,4.268272131163822,None, 
2192, ,4.2800868438963775,None, 
2193, ,4.291934260128778,None, 
2194, ,4.303814470385338,None, 
2195, ,4.3157275654409615,None, 
2196, ,4.327673636321822,None, 
2197, ,4.33965277430604,None, 
2198, ,4.351665070924416,None, 
2199, ,4.363710617961094,None, 
2200, ,4.375789507454295,None, 
2201, ,4.387901831696989,None, 
2202, ,4.400047683237627,None, 
2203, ,4.412227154880839,None, 
2204, ,4.424440339688129,None, 
2205, ,4.436687330978611,None, 
2206, ,4.448968222329697,None, 
2207, ,4.461283107577837,None, 
2208, ,4.473632080819209,None, 
2209, ,4.486015236410473,None, 
2210, ,4.498432668969444,None, 
2211, ,4.510884473375864,None, 
2212, ,4.523370744772102,None, 
2213, ,4.535891578563868,None, 
2214, ,4.548447070420983,None, 
2215, ,4.5610373162780595,None, 
2216, ,4.573662412335285,None, 
2217, ,4.586322455059108,None, 
2218, ,4.599017541183015,None, 
2219, ,4.6117477677082555,None, 
2220, ,4.624513231904566,None, 
2221, ,4.63731403131095,None, 
2222, ,4.650150263736378,None, 
2223, ,4.663022027260581,None, 
2224, ,4.675929420234762,None, 
2225, ,4.6888725412823735,None, 
2226, ,4.701851489299852,None, 
2227, ,4.714866363457389,None, 
2228, ,4.727917263199688,None, 
2229, ,4.7410042882467005,None, 
2230, ,4.754127538594424,None, 
2231, ,4.767287114515633,None, 
2232, ,4.780483116560677,None, 
2233, ,4.793715645558214,None, 
2234, ,4.806984802616012,None, 
2235, ,4.820290689121709,None, 
2236, ,4.833633406743574,None, 
2237, ,4.8470130574313135,None, 
2238, ,4.860429743416819,None, 
2239, ,4.8738835672149765,None, 
2240, ,4.887374631624422,None, 
2241, ,4.9009030397283615,None, 
2242, ,4.914468894895314,None, 
2243, ,4.928072300779943,None, 
2244, ,4.941713361323833,None, 
2245, ,4.955392180756268,None, 
2246, ,4.969108863595056,None, 
2247, ,4.982863514647301,None, 
2248, ,4.996656239010232,None, 
2249, ,5.010487142071969,None, 
2250, ,5.02435632951237,None, 
2251, ,5.038263907303814,None, 
2252, ,5.052209981712002,None, 
2253, ,5.066194659296801,None, 
2254, ,5.080218046913019,None, 
2255, ,5.0942802517112575,None, 
2256, ,5.108381381138706,None, 
2257, ,5.122521542939978,None, 
2258, ,5.136700845157916,None, 
2259, ,5.150919396134438,None, 
2260, ,5.165177304511361,None, 
2261, ,5.179474679231207,None, 
2262, ,5.193811629538077,None, 
2263, ,5.208188264978442,None, 
2264, ,5.222604695402018,None, 
2265, ,5.237061030962575,None, 
2266, ,5.251557382118802,None, 
2267, ,5.266093859635146,None, 
2268, ,5.280670574582632,None, 
2269, ,5.295287638339757,None, 
2270, ,5.309945162593298,None, 
2271, ,5.324643259339202,None, 
2272, ,5.339382040883407,None, 
2273, ,5.354161619842733,None, 
2274, ,5.368982109145716,None, 
2275, ,5.383843622033484,None, 
2276, ,5.39874627206063,None, 
2277, ,5.413690173096051,None, 
2278, ,5.428675439323858,None, 
2279, ,5.443702185244208,None, 
2280, ,5.458770525674211,None, 
2281, ,5.473880575748786,None, 
2282, ,5.4890324509215525,None, 
2283, ,5.504226266965718,None, 
2284, ,5.519462139974936,None, 
2285, ,5.53474018636423,None, 
2286, ,5.550060522870845,None, 
2287, ,5.565423266555176,None, 
2288, ,5.58082853480163,None, 
2289, ,5.5962764453195515,None, 
2290, ,5.611767116144095,None, 
2291, ,5.627300665637149,None, 
2292, ,5.642877212488233,None, 
2293, ,5.6584968757153895,None, 
2294, ,5.674159774666129,None, 
2295, ,5.689866029018292,None, 
2296, ,5.705615758781022,None, 
2297, ,5.721409084295616,None, 
2298, ,5.737246126236513,None, 
2299, ,5.753127005612169,None, 
2300, ,5.769051843765983,None, 
2301, ,5.785020762377262,None, 
2302, ,5.8010338834621,None, 
2303, ,5.817091329374358,None, 
2304, ,5.833193222806552,None, 
2305, ,5.849339686790843,None, 
2306, ,5.865530844699918,None, 
2307, ,5.881766820247988,None, 
2308, ,5.8980477374917015,None, 
2309, ,5.9143737208310965,None, 
2310, ,5.930744895010559,None, 
2311, ,5.9471613851197604,None, 
2312, ,5.963623316594642,None, 
2313, ,5.980130815218338,None, 
2314, ,5.996684007122173,None, 
2315, ,6.013283018786582,None, 
2316, ,6.029927977042128,None, 
2317, ,6.046619009070437,None, 
2318, ,6.06335624240516,None, 
2319, ,6.080139804932992,None, 
2320, ,6.096969824894602,None, 
2321, ,6.113846430885651,None, 
2322, ,6.130769751857733,None, 
2323, ,6.1477399171194085,None, 
2324, ,6.164757056337161,None, 
2325, ,6.18182129953638,None, 
2326, ,6.198932777102394,None, 
2327, ,6.216091619781415,None, 
2328, ,6.2332979586815975,None, 
2329, ,6.250551925273969,None, 
2330, ,6.267853651393512,None, 
2331, ,6.285203269240098,None, 
2332, ,6.302600911379553,None, 
2333, ,6.320046710744653,None, 
2334, ,6.337540800636113,None, 
2335, ,6.355083314723653,None, 
2336, ,6.372674387046976,None, 
2337, ,6.390314152016832,None, 
2338, ,6.408002744415996,None, 
2339, ,6.425740299400352,None, 
2340, ,6.443526952499895,None, 
2341, ,6.4613628396197536,None, 
2342, ,6.479248097041272,None, 
2343, ,6.4971828614229965,None, 
2344, ,6.515167269801781,None, 
2345, ,6.533201459593769,None, 
2346, ,6.5512855685955085,None, 
2347, ,6.569419734984941,None, 
2348, ,6.5876040973225125,None, 
2349, ,6.605838794552206,None, 
2350, ,6.624123966002588,None, 
2351, ,6.642459751387916,None, 
2352, ,6.660846290809153,None, 
2353, ,6.6792837247551,None, 
2354, ,6.6977721941034005,None, 
2355, ,6.716311840121675,None, 
2356, ,6.734902804468576,None, 
2357, ,6.753545229194852,None, 
2358, ,6.7722392567444825,None, 
2359, ,6.790985029955706,None, 
2360, ,6.8097826920621705,None, 
2361, ,6.828632386693967,None, 
2362, ,6.847534257878798,None, 
2363, ,6.866488450042998,None, 
2364, ,6.885495108012709,None, 
2365, ,6.904554377014952,None, 
2366, ,6.9236664026787205,None, 
2367, ,6.942831331036143,None, 
2368, ,6.9620493085235395,None, 
2369, ,6.9813204819826,None, 
2370, ,7.000644998661449,None, 
2371, ,7.020023006215818,None, 
2372, ,7.039454652710156,None, 
2373, ,7.058940086618737,None, 
2374, ,7.078479456826846,None, 
2375, ,7.0980729126318565,None, 
2376, ,7.1177206037444325,None, 
2377, ,7.137422680289612,None, 
2378, ,7.157179292808013,None, 
2379, ,7.176990592256924,None, 
2380, ,7.196856730011513,None, 
2381, ,7.216777857865961,None, 
2382, ,7.23675412803459,None, 
2383, ,7.2567856931530965,None, 
2384, ,7.2768727062796374,None, 
2385, ,7.297015320896072,None, 
2386, ,7.317213690909081,None, 
2387, ,7.337467970651374,None, 
2388, ,7.3577783148828635,None, 
2389, ,7.378144878791825,None, 
2390, ,7.39856781799612,None, 
2391, ,7.41904728854434,None, 
2392, ,7.439583446917058,None, 
2393, ,7.460176450027956,None, 
2394, ,7.4808264552250865,None, 
2395, ,7.501533620292019,None, 
2396, ,7.522298103449094,None, 
2397, ,7.543120063354615,None, 
2398, ,7.563999659106027,None, 
2399, ,7.5849370502412,None, 
2400, ,7.605932396739571,None, 
2401, ,7.626985859023444,None, 
2402, ,7.648097597959139,None, 
2403, ,7.669267774858289,None, 
2404, ,7.690496551479037,None, 
2405, ,7.711784090027258,None, 
2406, ,7.7331305531578485,None, 
2407, ,7.754536103975902,None, 
2408, ,7.7760009060380355,None, 
2409, ,7.797525123353554,None, 
2410, ,7.819108920385783,None, 
2411, ,7.840752462053249,None, 
2412, ,7.8624559137310115,None, 
2413, ,7.884219441251884,None, 
2414, ,7.906043210907693,None, 
2415, ,7.927927389450597,None, 
2416, ,7.949872144094298,None, 
2417, ,7.971877642515378,None, 
2418, ,7.993944052854526,None, 
2419, ,8.016071543717874,None, 
2420, ,8.038260284178259,None, 
2421, ,8.060510443776492,None, 
2422, ,8.082822192522714,None, 
2423, ,8.105195700897625,None, 
2424, ,8.127631139853852,None, 
2425, ,8.150128680817199,None, 
2426, ,8.172688495688003,None, 
2427, ,8.1953107568424,None, 
2428, ,8.217995637133695,None, 
2429, ,8.240743309893658,None, 
2430, ,8.263553948933813,None, 
2431, ,8.286427728546842,None, 
2432, ,8.309364823507838,None, 
2433, ,8.33236540907571,None, 
2434, ,8.355429660994456,None, 
2435, ,8.378557755494572,None, 
2436, ,8.401749869294335,None, 
2437, ,8.425006179601205,None, 
2438, ,8.448326864113161,None, 
2439, ,8.471712101020026,None, 
2440, ,8.4951620690049,None, 
2441, ,8.51867694724544,None, 
2442, ,8.542256915415312,None, 
2443, ,8.56590215368549,None, 
2444, ,8.589612842725693,None, 
2445, ,8.613389163705737,None, 
2446, ,8.637231298296896,None, 
2447, ,8.661139428673351,None, 
2448, ,8.68511373751352,None, 
2449, ,8.709154408001503,None, 
2450, ,8.733261623828428,None, 
2451, ,8.757435569193929,None, 
2452, ,8.781676428807462,None, 
2453, ,8.805984387889803,None, 
2454, ,8.830359632174417,None, 
2455, ,8.854802347908869,None, 
2456, ,8.879312721856284,None, 
2457, ,8.903890941296726,None, 
2458, ,8.928537194028694,None, 
2459, ,8.953251668370477,None, 
2460, ,8.978034553161667,None, 
2461, ,9.00288603776457,None, 
2462, ,9.027806312065623,None, 
2463, ,9.05279556647691,None, 
2464, ,9.077853991937546,None, 
2465, ,9.102981779915217,None, 
2466, ,9.128179122407547,None, 
2467, ,9.15344621194366,None, 
2468, ,9.178783241585569,None, 
2469, ,9.204190404929713,None, 
2470, ,9.22966789610842,None, 
2471, ,9.255215909791342,None, 
2472, ,9.28083464118704,None, 
2473, ,9.306524286044358,None, 
2474, ,9.332285040654034,None, 
2475, ,9.358117101850091,None, 
2476, ,9.384020667011447,None, 
2477, ,9.409995934063344,None, 
2478, ,9.43604310147888,None, 
2479, ,9.462162368280561,None, 
2480, ,9.488353934041752,None, 
2481, ,9.514617998888294,None, 
2482, ,9.540954763499936,None, 
2483, ,9.567364429111947,None, 
2484, ,9.5938471975166,None, 
2485, ,9.62040327106475,None, 
2486, ,9.647032852667373,None, 
2487, ,9.673736145797074,None, 
2488, ,9.700513354489722,None, 
2489, ,9.727364683345922,None, 
2490, ,9.754290337532657,None, 
2491, ,9.78129052278478,None, 
2492, ,9.80836544540666,None, 
2493, ,9.835515312273717,None, 
2494, ,9.862740330833976,None, 
2495, ,9.890040709109737,None, 
2496, ,9.917416655699057,None, 
2497, ,9.94486837977745,None, 
2498, ,9.972396091099393,None, 
2499, ,10.0,None, 
